{
  "arm": "on",
  "args": {
    "effect": "er6",
    "runs": 40,
    "seedBase": 52000,
    "out": "reports/sim/spec-i-er6-stresswave-n40-2026-06-11",
    "commit": "unknown",
    "scaling": {
      "countAdd": 6,
      "hpAdd": 4,
      "modAdd": 6,
      "dcAdd": 2
    },
    "band": [
      0.4,
      0.6
    ]
  },
  "summary": {
    "n": 40,
    "win_rate": 0.9,
    "win_ci95": [
      0.7694792561952611,
      0.9604211124044252
    ],
    "timeouts": 0,
    "rounds": {
      "mean": 91.8,
      "sd": 7.397851385923154,
      "ci95": [
        89.50738210324685,
        94.09261789675314
      ],
      "n": 40
    },
    "player_attacks": {
      "mean": 55.525,
      "sd": 4.883186748478172,
      "ci95": [
        54.011684748216005,
        57.03831525178399
      ],
      "n": 40
    },
    "overcharge_uses": {
      "mean": null,
      "sd": null,
      "ci95": [
        null,
        null
      ],
      "n": 0
    },
    "survivors": {
      "mean": 1.8,
      "sd": 0.6076436202501994,
      "ci95": [
        1.6116892911252179,
        1.9883107088747822
      ],
      "n": 40
    }
  }
}