{
  "arm": "on",
  "args": {
    "effect": "er6",
    "runs": 40,
    "seedBase": 53000,
    "out": "reports/sim/spec-i-er6-stresswave-n40-2026-06-11-atollo-iso",
    "commit": "unknown",
    "scaling": {
      "countAdd": 6,
      "hpAdd": 4,
      "modAdd": 6,
      "dcAdd": 2
    },
    "band": [
      0.4,
      0.6
    ],
    "biome": "atollo_obsidiana",
    "modulation": "duo_hardcore",
    "arms": [
      "on"
    ]
  },
  "summary": {
    "n": 40,
    "win_rate": 0.8,
    "win_ci95": [
      0.6524239261814334,
      0.8950013502683313
    ],
    "timeouts": 0,
    "rounds": {
      "mean": 101.825,
      "sd": 8.78485730952518,
      "ci95": [
        99.10254451426752,
        104.54745548573248
      ],
      "n": 40
    },
    "player_attacks": {
      "mean": 61.425,
      "sd": 5.569548616797577,
      "ci95": [
        59.69897900152417,
        63.15102099847582
      ],
      "n": 40
    },
    "overcharge_uses": {
      "mean": null,
      "sd": null,
      "ci95": [
        null,
        null
      ],
      "n": 0
    },
    "survivors": {
      "mean": 1.575,
      "sd": 0.8129559864454136,
      "ci95": [
        1.323062329645625,
        1.826937670354375
      ],
      "n": 40
    }
  }
}