{
  "probe": "fp-trait-delta-probe",
  "spec": "docs/planning/2026-06-23-aa01-form-pulse-player-trait-spec-draft.md",
  "posture": "L-069 REPORTS; ratification = master-dd verdict (N=40, MA3)",
  "n": 200,
  "seed": 20260623,
  "baseline_branco_emergence_rate": 0.91,
  "v2_branco_emergence_rate": 1,
  "mean_minor_traits_per_team": 3.015,
  "team_power_baseline": {
    "n": 200,
    "mean": 3.8445999999999985,
    "std": 2.3967026846886905,
    "ci95_lo": 3.5124339547170487,
    "ci95_hi": 4.176766045282949
  },
  "team_power_v2": {
    "n": 200,
    "mean": 7.541100000000003,
    "std": 2.815622745901195,
    "ci95_lo": 7.150874596369597,
    "ci95_hi": 7.931325403630408
  },
  "power_added_per_team": {
    "n": 200,
    "mean": 3.696500000000003,
    "std": 2.2403557125137445,
    "ci95_lo": 3.3860025395486595,
    "ci95_hi": 4.0069974604513465
  },
  "power_added_per_creature": {
    "n": 200,
    "mean": 1.2060416666666671,
    "std": 0.5227766309320724,
    "ci95_lo": 1.1335885221141937,
    "ci95_hi": 1.2784948112191405
  }
}
