{
  "probe": "fp-trait-delta-probe",
  "spec": "docs/planning/2026-06-23-aa01-form-pulse-player-trait-spec-draft.md",
  "posture": "L-069 REPORTS; ratification = master-dd verdict (N=40, MA3)",
  "n": 200,
  "seed": 20260623,
  "baseline_branco_emergence_rate": 0.91,
  "v2_branco_emergence_rate": 1,
  "mean_minor_traits_per_team": 3.015,
  "team_power_baseline": {
    "n": 200,
    "mean": 3.6957999999999998,
    "std": 2.4364605599724998,
    "ci95_lo": 3.3581237943261746,
    "ci95_hi": 4.033476205673825
  },
  "team_power_v2": {
    "n": 200,
    "mean": 7.382700000000007,
    "std": 2.8468935216509377,
    "ci95_lo": 6.988140687962823,
    "ci95_hi": 7.777259312037191
  },
  "power_added_per_team": {
    "n": 200,
    "mean": 3.6869000000000027,
    "std": 2.220247256365153,
    "ci95_lo": 3.3791894293862237,
    "ci95_hi": 3.9946105706137818
  },
  "power_added_per_creature": {
    "n": 200,
    "mean": 1.2036416666666672,
    "std": 0.5186997357806716,
    "ci95_lo": 1.1317535509549113,
    "ci95_hi": 1.275529782378423
  }
}
