{
  "args": {
    "effect": "er7",
    "runs": 40,
    "seedBase": 52000,
    "out": "reports/sim/er7-population-n40",
    "commit": "unknown",
    "scaling": {},
    "band": [
      0.4,
      0.6
    ],
    "aggregate": true
  },
  "isolated_arms": true,
  "summaries": {
    "off": {
      "n": 40,
      "win_rate": 1,
      "win_ci95": [
        0.9123754607496077,
        1
      ],
      "timeouts": 0,
      "rounds": {
        "mean": 32.85,
        "sd": 4.537874799100091,
        "ci95": [
          31.443698030020144,
          34.25630196997986
        ],
        "n": 40
      },
      "player_attacks": {
        "mean": 13.275,
        "sd": 2.374949392173361,
        "ci95": [
          12.538995558123771,
          14.01100444187623
        ],
        "n": 40
      },
      "overcharge_uses": {
        "mean": null,
        "sd": null,
        "ci95": [
          null,
          null
        ],
        "n": 0
      },
      "survivors": {
        "mean": 2,
        "sd": 0,
        "ci95": [
          2,
          2
        ],
        "n": 40
      }
    },
    "off2": {
      "n": 40,
      "win_rate": 1,
      "win_ci95": [
        0.9123754607496077,
        1
      ],
      "timeouts": 0,
      "rounds": {
        "mean": 32.7,
        "sd": 4.630999227613177,
        "ci95": [
          31.264838470629662,
          34.13516152937034
        ],
        "n": 40
      },
      "player_attacks": {
        "mean": 13.275,
        "sd": 2.571914382273172,
        "ci95": [
          12.477955475297035,
          14.072044524702966
        ],
        "n": 40
      },
      "overcharge_uses": {
        "mean": null,
        "sd": null,
        "ci95": [
          null,
          null
        ],
        "n": 0
      },
      "survivors": {
        "mean": 2,
        "sd": 0,
        "ci95": [
          2,
          2
        ],
        "n": 40
      }
    },
    "on_depleted": {
      "n": 40,
      "win_rate": 1,
      "win_ci95": [
        0.9123754607496077,
        1
      ],
      "timeouts": 0,
      "rounds": {
        "mean": 38.075,
        "sd": 5.121035051627747,
        "ci95": [
          36.48797479541124,
          39.662025204588765
        ],
        "n": 40
      },
      "player_attacks": {
        "mean": 16.2,
        "sd": 2.662175705542271,
        "ci95": [
          15.374983201414226,
          17.02501679858577
        ],
        "n": 40
      },
      "overcharge_uses": {
        "mean": null,
        "sd": null,
        "ci95": [
          null,
          null
        ],
        "n": 0
      },
      "survivors": {
        "mean": 2,
        "sd": 0,
        "ci95": [
          2,
          2
        ],
        "n": 40
      }
    },
    "on_abundant": {
      "n": 40,
      "win_rate": 1,
      "win_ci95": [
        0.9123754607496077,
        1
      ],
      "timeouts": 0,
      "rounds": {
        "mean": 35.05,
        "sd": 4.919610157579979,
        "ci95": [
          33.52539701679084,
          36.574602983209154
        ],
        "n": 40
      },
      "player_attacks": {
        "mean": 14.275,
        "sd": 2.501153580004481,
        "ci95": [
          13.499884475111564,
          15.050115524888437
        ],
        "n": 40
      },
      "overcharge_uses": {
        "mean": null,
        "sd": null,
        "ci95": [
          null,
          null
        ],
        "n": 0
      },
      "survivors": {
        "mean": 2,
        "sd": 0,
        "ci95": [
          2,
          2
        ],
        "n": 40
      }
    }
  },
  "deltas": {
    "off2 - off (noise floor)": {
      "pairs": 40,
      "rounds_delta": {
        "mean": -0.15,
        "sd": 5.749247442391583,
        "ci95": [
          -1.931710241485799,
          1.6317102414857991
        ],
        "n": 40
      },
      "attacks_delta": {
        "mean": 0,
        "sd": 2.9957234475763905,
        "ci95": [
          -0.928384314762715,
          0.928384314762715
        ],
        "n": 40
      },
      "flips": {
        "loss_to_win": 0,
        "win_to_loss": 0
      },
      "win_rate_delta": 0
    },
    "on_depleted - off (prey exclusion)": {
      "pairs": 40,
      "rounds_delta": {
        "mean": 5.225,
        "sd": 6.8443781909325265,
        "ci95": [
          3.1039052234088995,
          7.3460947765911
        ],
        "n": 40
      },
      "attacks_delta": {
        "mean": 2.925,
        "sd": 3.4743566089498996,
        "ci95": [
          1.8482857317818178,
          4.001714268218182
        ],
        "n": 40
      },
      "flips": {
        "loss_to_win": 0,
        "win_to_loss": 0
      },
      "win_rate_delta": 0
    },
    "on_abundant - off (apex boost)": {
      "pairs": 40,
      "rounds_delta": {
        "mean": 2.2,
        "sd": 6.958484951518745,
        "ci95": [
          0.04354317194105395,
          4.356456828058946
        ],
        "n": 40
      },
      "attacks_delta": {
        "mean": 1,
        "sd": 3.5300904324873126,
        "ci95": [
          -0.09398635907681863,
          2.0939863590768186
        ],
        "n": 40
      },
      "flips": {
        "loss_to_win": 0,
        "win_to_loss": 0
      },
      "win_rate_delta": 0
    }
  },
  "extras": {
    "er7": {
      "off": {
        "spawns_per_run": 3.5,
        "by_species": {
          "rust-scavenger": 0.775,
          "echo-wing": 0.875,
          "ferrimordax-rutilus": 0.425,
          "sand-burrower": 1.1,
          "dune-stalker": 0.325
        },
        "by_role": {
          "prey": 1.875,
          "mesopredator": 0.875,
          "apex": 0.75,
          "other": 0
        },
        "prey_share": 0.5357142857142857,
        "meso_share": 0.25,
        "apex_share": 0.21428571428571427
      },
      "off2": {
        "spawns_per_run": 3.475,
        "by_species": {
          "sand-burrower": 1,
          "dune-stalker": 0.35,
          "ferrimordax-rutilus": 0.45,
          "echo-wing": 0.725,
          "rust-scavenger": 0.95
        },
        "by_role": {
          "prey": 1.95,
          "mesopredator": 0.725,
          "apex": 0.8,
          "other": 0
        },
        "prey_share": 0.5611510791366906,
        "meso_share": 0.20863309352517986,
        "apex_share": 0.2302158273381295
      },
      "on_depleted": {
        "spawns_per_run": 4.05,
        "by_species": {
          "echo-wing": 2.2,
          "dune-stalker": 0.875,
          "ferrimordax-rutilus": 0.975
        },
        "by_role": {
          "prey": 0,
          "mesopredator": 2.2,
          "apex": 1.85,
          "other": 0
        },
        "prey_share": 0,
        "meso_share": 0.5432098765432098,
        "apex_share": 0.4567901234567901
      },
      "on_abundant": {
        "spawns_per_run": 3.775,
        "by_species": {
          "echo-wing": 0.75,
          "rust-scavenger": 0.875,
          "sand-burrower": 0.975,
          "ferrimordax-rutilus": 0.675,
          "dune-stalker": 0.5
        },
        "by_role": {
          "prey": 1.85,
          "mesopredator": 0.75,
          "apex": 1.175,
          "other": 0
        },
        "prey_share": 0.4900662251655629,
        "meso_share": 0.1986754966887417,
        "apex_share": 0.31125827814569534
      }
    }
  }
}