{
  "arm": "off2",
  "args": {
    "effect": "er7",
    "runs": 40,
    "seedBase": 72000,
    "out": "reports/sim/spec-i-er7-pilot-canonical-n40-2026-06-11",
    "commit": "c85710fb0",
    "scaling": {
      "countAdd": 7,
      "hpAdd": 4,
      "modAdd": 6,
      "dcAdd": 1
    },
    "band": [
      0.4,
      0.6
    ],
    "arms": [
      "off2"
    ],
    "scenario": "enc_badlands_foodweb_pilot_01"
  },
  "summary": {
    "n": 40,
    "win_rate": 0.625,
    "win_ci95": [
      0.4703216005453191,
      0.7577722646420829
    ],
    "timeouts": 2,
    "rounds": {
      "mean": 113.85,
      "sd": 13.300375934536591,
      "ci95": [
        109.72817079441663,
        117.97182920558336
      ],
      "n": 40
    },
    "player_attacks": {
      "mean": 69.25,
      "sd": 8.586662286987258,
      "ci95": [
        66.58896578809609,
        71.91103421190391
      ],
      "n": 40
    },
    "overcharge_uses": {
      "mean": null,
      "sd": null,
      "ci95": [
        null,
        null
      ],
      "n": 0
    },
    "survivors": {
      "mean": 1.3,
      "sd": 0.9391758525703703,
      "ci95": [
        1.0089463878798184,
        1.5910536121201817
      ],
      "n": 40
    }
  }
}