{
  "arm": "off",
  "args": {
    "effect": "er7",
    "runs": 40,
    "seedBase": 73000,
    "out": "reports/sim/spec-i-er7-pilot-canonical-n40-2026-06-11-leg2",
    "commit": "c85710fb0",
    "scaling": {
      "countAdd": 6,
      "hpAdd": 4,
      "modAdd": 7,
      "dcAdd": 2
    },
    "band": [
      0.4,
      0.6
    ],
    "arms": [
      "off"
    ],
    "scenario": "enc_badlands_foodweb_pilot_01"
  },
  "summary": {
    "n": 40,
    "win_rate": 0.675,
    "win_ci95": [
      0.52017458088898,
      0.7991568303733828
    ],
    "timeouts": 0,
    "rounds": {
      "mean": 103.4,
      "sd": 10.364634148181064,
      "ci95": [
        100.1879665997841,
        106.6120334002159
      ],
      "n": 40
    },
    "player_attacks": {
      "mean": 61.975,
      "sd": 6.346763762454866,
      "ci95": [
        60.008117532483034,
        63.94188246751697
      ],
      "n": 40
    },
    "overcharge_uses": {
      "mean": null,
      "sd": null,
      "ci95": [
        null,
        null
      ],
      "n": 0
    },
    "survivors": {
      "mean": 1.3,
      "sd": 0.9391758525703702,
      "ci95": [
        1.0089463878798186,
        1.5910536121201815
      ],
      "n": 40
    }
  }
}