{
  "arm": "def_grave",
  "args": {
    "runs": 40,
    "seedBase": 42000,
    "scenario": "enc_hardcore_reinf_01",
    "out": "reports/sim/wound-magnitude-n40-2026-06-10",
    "commit": "adc8cd9e2903a6db20731cd748950958ccabbad7",
    "scaling": {
      "countAdd": 6,
      "hpAdd": 4,
      "modAdd": 6,
      "dcAdd": 2
    }
  },
  "summary": {
    "n": 40,
    "win_rate": 0.95,
    "win_ci95": [
      0.834958291820748,
      0.9861796228538989
    ],
    "timeouts": 0,
    "rounds": {
      "mean": 83,
      "sd": 5.8265528358299425,
      "ci95": [
        81.1943325688835,
        84.8056674311165
      ],
      "n": 40
    },
    "player_attacks": {
      "mean": 49.2,
      "sd": 3.5820063136138147,
      "ci95": [
        48.08992474267594,
        50.310075257324065
      ],
      "n": 40
    },
    "overcharge_uses": {
      "mean": 0,
      "sd": 0,
      "ci95": [
        0,
        0
      ],
      "n": 40
    },
    "survivors": {
      "mean": 1.9,
      "sd": 0.44144285572630454,
      "ci95": [
        1.7631954416713858,
        2.036804558328614
      ],
      "n": 40
    }
  }
}