{
  "arm": "on_depleted",
  "args": {
    "effect": "er7",
    "runs": 40,
    "seedBase": 52000,
    "out": "reports/sim/er7-population-n40",
    "commit": "unknown",
    "scaling": {},
    "band": [
      0.4,
      0.6
    ]
  },
  "summary": {
    "n": 40,
    "win_rate": 1,
    "win_ci95": [
      0.9123754607496077,
      1
    ],
    "timeouts": 0,
    "rounds": {
      "mean": 37.925,
      "sd": 4.779161497102249,
      "ci95": [
        36.443922507610914,
        39.40607749238908
      ],
      "n": 40
    },
    "player_attacks": {
      "mean": 16.225,
      "sd": 2.465011572241001,
      "ci95": [
        15.461084999358485,
        16.98891500064152
      ],
      "n": 40
    },
    "overcharge_uses": {
      "mean": null,
      "sd": null,
      "ci95": [
        null,
        null
      ],
      "n": 0
    },
    "survivors": {
      "mean": 2,
      "sd": 0,
      "ci95": [
        2,
        2
      ],
      "n": 40
    }
  }
}