{
  "args": {
    "effect": "er7",
    "runs": 40,
    "seedBase": 62000,
    "out": "reports/sim/spec-i-er7-population-n40-2026-06-11",
    "commit": "ba5975d52",
    "scaling": {
      "countAdd": 6,
      "hpAdd": 4,
      "modAdd": 7,
      "dcAdd": 2
    },
    "band": [
      0.4,
      0.6
    ],
    "aggregate": true
  },
  "isolated_arms": true,
  "summaries": {
    "off": {
      "n": 40,
      "win_rate": 0.625,
      "win_ci95": [
        0.4703216005453191,
        0.7577722646420829
      ],
      "timeouts": 0,
      "rounds": {
        "mean": 106.525,
        "sd": 11.363431000475343,
        "ci95": [
          103.00343624842455,
          110.04656375157546
        ],
        "n": 40
      },
      "player_attacks": {
        "mean": 63.45,
        "sd": 6.846110630805696,
        "ci95": [
          61.328368334729866,
          65.57163166527013
        ],
        "n": 40
      },
      "overcharge_uses": {
        "mean": null,
        "sd": null,
        "ci95": [
          null,
          null
        ],
        "n": 0
      },
      "survivors": {
        "mean": 1.225,
        "sd": 0.9736924170788859,
        "ci95": [
          0.9232495937164167,
          1.5267504062835835
        ],
        "n": 40
      }
    },
    "off2": {
      "n": 40,
      "win_rate": 0.575,
      "win_ci95": [
        0.4219480043605999,
        0.7149083147518411
      ],
      "timeouts": 0,
      "rounds": {
        "mean": 103.8,
        "sd": 11.916805629456933,
        "ci95": [
          100.10694367418516,
          107.49305632581483
        ],
        "n": 40
      },
      "player_attacks": {
        "mean": 62.35,
        "sd": 7.566965994305405,
        "ci95": [
          60.00497294313352,
          64.6950270568665
        ],
        "n": 40
      },
      "overcharge_uses": {
        "mean": null,
        "sd": null,
        "ci95": [
          null,
          null
        ],
        "n": 0
      },
      "survivors": {
        "mean": 1.075,
        "sd": 0.9710554659486338,
        "ci95": [
          0.7740667933381313,
          1.3759332066618686
        ],
        "n": 40
      }
    },
    "on_depleted": {
      "n": 40,
      "win_rate": 0.375,
      "win_ci95": [
        0.24222773535791722,
        0.529678399454681
      ],
      "timeouts": 0,
      "rounds": {
        "mean": 105.15,
        "sd": 13.542998948269195,
        "ci95": [
          100.95298114347204,
          109.34701885652797
        ],
        "n": 40
      },
      "player_attacks": {
        "mean": 63.55,
        "sd": 8.264691658200455,
        "ci95": [
          60.98874551970709,
          66.11125448029291
        ],
        "n": 40
      },
      "overcharge_uses": {
        "mean": null,
        "sd": null,
        "ci95": [
          null,
          null
        ],
        "n": 0
      },
      "survivors": {
        "mean": 0.725,
        "sd": 0.9604352645732545,
        "ci95": [
          0.4273580278426049,
          1.0226419721573952
        ],
        "n": 40
      }
    },
    "on_abundant": {
      "n": 40,
      "win_rate": 0.725,
      "win_ci95": [
        0.5716474916687543,
        0.8389214656685691
      ],
      "timeouts": 0,
      "rounds": {
        "mean": 107.675,
        "sd": 10.576673656732805,
        "ci95": [
          104.39725487528939,
          110.9527451247106
        ],
        "n": 40
      },
      "player_attacks": {
        "mean": 65,
        "sd": 6.9724733499228675,
        "ci95": [
          62.83920812236312,
          67.16079187763688
        ],
        "n": 40
      },
      "overcharge_uses": {
        "mean": null,
        "sd": null,
        "ci95": [
          null,
          null
        ],
        "n": 0
      },
      "survivors": {
        "mean": 1.4,
        "sd": 0.9001424388708767,
        "ci95": [
          1.1210429681097362,
          1.6789570318902636
        ],
        "n": 40
      }
    }
  },
  "deltas": {
    "off2 - off (noise floor)": {
      "pairs": 40,
      "rounds_delta": {
        "mean": -2.725,
        "sd": 17.29085648395469,
        "ci95": [
          -8.083491940069974,
          2.6334919400699737
        ],
        "n": 40
      },
      "attacks_delta": {
        "mean": -1.1,
        "sd": 10.845771951814646,
        "ci95": [
          -4.461139550349417,
          2.2611395503494163
        ],
        "n": 40
      },
      "flips": {
        "loss_to_win": 10,
        "win_to_loss": 12
      },
      "win_rate_delta": -0.05
    },
    "on_depleted - off (prey exclusion)": {
      "pairs": 40,
      "rounds_delta": {
        "mean": -1.375,
        "sd": 18.90826369335471,
        "ci95": [
          -7.234731627266708,
          4.484731627266708
        ],
        "n": 40
      },
      "attacks_delta": {
        "mean": 0.1,
        "sd": 10.939929217415042,
        "ci95": [
          -3.2903191892693826,
          3.490319189269383
        ],
        "n": 40
      },
      "flips": {
        "loss_to_win": 9,
        "win_to_loss": 19
      },
      "win_rate_delta": -0.25
    },
    "on_abundant - off (apex boost)": {
      "pairs": 40,
      "rounds_delta": {
        "mean": 1.15,
        "sd": 14.809127469579577,
        "ci95": [
          -3.439396150436463,
          5.739396150436463
        ],
        "n": 40
      },
      "attacks_delta": {
        "mean": 1.55,
        "sd": 9.066562970749395,
        "ci95": [
          -1.2597569746172452,
          4.3597569746172455
        ],
        "n": 40
      },
      "flips": {
        "loss_to_win": 13,
        "win_to_loss": 9
      },
      "win_rate_delta": 0.1
    }
  },
  "extras": {
    "er7": {
      "off": {
        "spawns_per_run": 6,
        "by_species": {
          "rust-scavenger": 1.75,
          "sand-burrower": 2,
          "echo-wing": 0.975,
          "dune-stalker": 0.625,
          "ferrimordax-rutilus": 0.65
        },
        "by_role": {
          "prey": 3.75,
          "mesopredator": 0.975,
          "apex": 1.275,
          "other": 0
        },
        "prey_share": 0.625,
        "meso_share": 0.1625,
        "apex_share": 0.2125
      },
      "off2": {
        "spawns_per_run": 6,
        "by_species": {
          "echo-wing": 1.125,
          "rust-scavenger": 1.825,
          "sand-burrower": 2.125,
          "dune-stalker": 0.55,
          "ferrimordax-rutilus": 0.375
        },
        "by_role": {
          "prey": 3.95,
          "mesopredator": 1.125,
          "apex": 0.925,
          "other": 0
        },
        "prey_share": 0.6583333333333333,
        "meso_share": 0.1875,
        "apex_share": 0.15416666666666667
      },
      "on_depleted": {
        "spawns_per_run": 6,
        "by_species": {
          "echo-wing": 2.775,
          "dune-stalker": 1.65,
          "ferrimordax-rutilus": 1.575
        },
        "by_role": {
          "prey": 0,
          "mesopredator": 2.775,
          "apex": 3.225,
          "other": 0
        },
        "prey_share": 0,
        "meso_share": 0.4625,
        "apex_share": 0.5375
      },
      "on_abundant": {
        "spawns_per_run": 6,
        "by_species": {
          "rust-scavenger": 1.525,
          "ferrimordax-rutilus": 1.175,
          "sand-burrower": 1.5,
          "echo-wing": 0.875,
          "dune-stalker": 0.925
        },
        "by_role": {
          "prey": 3.025,
          "mesopredator": 0.875,
          "apex": 2.1,
          "other": 0
        },
        "prey_share": 0.5041666666666667,
        "meso_share": 0.14583333333333334,
        "apex_share": 0.35
      }
    }
  }
}