{
  "arm": "off2",
  "args": {
    "effect": "er7",
    "runs": 40,
    "seedBase": 73000,
    "out": "reports/sim/spec-i-er7-pilot-canonical-n40-2026-06-11-leg2",
    "commit": "c85710fb0",
    "scaling": {
      "countAdd": 6,
      "hpAdd": 4,
      "modAdd": 7,
      "dcAdd": 2
    },
    "band": [
      0.4,
      0.6
    ],
    "arms": [
      "off2"
    ],
    "scenario": "enc_badlands_foodweb_pilot_01"
  },
  "summary": {
    "n": 40,
    "win_rate": 0.625,
    "win_ci95": [
      0.4703216005453191,
      0.7577722646420829
    ],
    "timeouts": 0,
    "rounds": {
      "mean": 101.275,
      "sd": 11.361174325362764,
      "ci95": [
        97.75413559928742,
        104.79586440071259
      ],
      "n": 40
    },
    "player_attacks": {
      "mean": 60.425,
      "sd": 7.203587069416643,
      "ci95": [
        58.19258523865598,
        62.657414761344015
      ],
      "n": 40
    },
    "overcharge_uses": {
      "mean": null,
      "sd": null,
      "ci95": [
        null,
        null
      ],
      "n": 0
    },
    "survivors": {
      "mean": 1.225,
      "sd": 0.973692417078886,
      "ci95": [
        0.9232495937164167,
        1.5267504062835835
      ],
      "n": 40
    }
  }
}