{
  "arm": "off",
  "args": {
    "effect": "er6",
    "runs": 40,
    "seedBase": 52000,
    "out": "reports/sim/spec-i-er6-stresswave-n40-2026-06-10",
    "commit": "be4f3af9f",
    "scaling": {
      "countAdd": 6,
      "hpAdd": 4,
      "modAdd": 6,
      "dcAdd": 2
    },
    "band": [
      0.4,
      0.6
    ],
    "arms": [
      "off"
    ]
  },
  "summary": {
    "n": 40,
    "win_rate": 0.875,
    "win_ci95": [
      0.7388757932976185,
      0.9454058022645871
    ],
    "timeouts": 0,
    "rounds": {
      "mean": 92.9,
      "sd": 9.924845797419932,
      "ci95": [
        89.82425842171189,
        95.97574157828812
      ],
      "n": 40
    },
    "player_attacks": {
      "mean": 56.375,
      "sd": 6.245767797846425,
      "ci95": [
        54.439416506182575,
        58.310583493817425
      ],
      "n": 40
    },
    "overcharge_uses": {
      "mean": null,
      "sd": null,
      "ci95": [
        null,
        null
      ],
      "n": 0
    },
    "survivors": {
      "mean": 1.75,
      "sd": 0.6698641270570836,
      "ci95": [
        1.5424069562946008,
        1.9575930437053992
      ],
      "n": 40
    }
  }
}