{
  "arm": "off",
  "args": {
    "effect": "er6",
    "runs": 40,
    "seedBase": 52000,
    "out": "reports/sim/spec-i-er6-stresswave-n40-2026-06-11",
    "commit": "unknown",
    "scaling": {
      "countAdd": 6,
      "hpAdd": 4,
      "modAdd": 6,
      "dcAdd": 2
    },
    "band": [
      0.4,
      0.6
    ]
  },
  "summary": {
    "n": 40,
    "win_rate": 0.9,
    "win_ci95": [
      0.7694792561952611,
      0.9604211124044252
    ],
    "timeouts": 0,
    "rounds": {
      "mean": 92.7,
      "sd": 8.140434058861151,
      "ci95": [
        90.17725334869579,
        95.22274665130422
      ],
      "n": 40
    },
    "player_attacks": {
      "mean": 56,
      "sd": 4.945860740208772,
      "ci95": [
        54.467261876951525,
        57.532738123048475
      ],
      "n": 40
    },
    "overcharge_uses": {
      "mean": null,
      "sd": null,
      "ci95": [
        null,
        null
      ],
      "n": 0
    },
    "survivors": {
      "mean": 1.8,
      "sd": 0.6076436202502,
      "ci95": [
        1.6116892911252176,
        1.9883107088747825
      ],
      "n": 40
    }
  }
}