{
  "scenario": "enc_hardcore_reinf_01",
  "arm": "off2",
  "args": {
    "scenario": "enc_hardcore_reinf_01",
    "arm": "off2",
    "runs": 40,
    "seedBase": 70000,
    "out": "reports/sim/a2-pressure-n40-desat-2026-06-16",
    "commit": "2a7f3853",
    "aggregate": false,
    "scaling": {
      "countAdd": 3,
      "modAdd": 3
    },
    "roster": "weak"
  },
  "fire": {
    "sistema_tier": "Calm",
    "sistema_pressure": 0,
    "floor": 4,
    "expected_min": 75
  },
  "summary": {
    "n": 40,
    "win_rate": 0.075,
    "win_ci95": [
      0.025835556771858243,
      0.19864530159097524
    ],
    "defeat_rate": 0.925,
    "defeat_ci95": [
      0.8013546984090248,
      0.9741644432281419
    ],
    "timeout_rate": 0,
    "wins": 3,
    "defeats": 37,
    "timeouts": 0,
    "rounds": {
      "mean": 67.6,
      "sd": 8.752435558467608,
      "ci95": [
        64.88759211901666,
        70.31240788098333
      ],
      "n": 40
    },
    "survivors": {
      "mean": 0.15,
      "sd": 0.5334935656738373,
      "ci95": [
        -0.015331368888246905,
        0.31533136888824687
      ],
      "n": 40
    },
    "spawns": {
      "mean": 0,
      "sd": 0,
      "ci95": [
        0,
        0
      ],
      "n": 40
    }
  }
}