{
  "arm": "on_depleted",
  "args": {
    "effect": "er7",
    "runs": 40,
    "seedBase": 72000,
    "out": "reports/sim/spec-i-er7-pilot-canonical-n40-2026-06-11",
    "commit": "c85710fb0",
    "scaling": {
      "countAdd": 7,
      "hpAdd": 4,
      "modAdd": 6,
      "dcAdd": 1
    },
    "band": [
      0.4,
      0.6
    ],
    "arms": [
      "on_depleted"
    ],
    "scenario": "enc_badlands_foodweb_pilot_01"
  },
  "summary": {
    "n": 40,
    "win_rate": 0.725,
    "win_ci95": [
      0.5716474916687543,
      0.8389214656685691
    ],
    "timeouts": 1,
    "rounds": {
      "mean": 115.8,
      "sd": 11.036536060065595,
      "ci95": [
        112.37974204001796,
        119.22025795998204
      ],
      "n": 40
    },
    "player_attacks": {
      "mean": 70.525,
      "sd": 7.0927463850085095,
      "ci95": [
        68.32693512262986,
        72.72306487737015
      ],
      "n": 40
    },
    "overcharge_uses": {
      "mean": null,
      "sd": null,
      "ci95": [
        null,
        null
      ],
      "n": 0
    },
    "survivors": {
      "mean": 1.45,
      "sd": 0.8755950357709129,
      "ci95": [
        1.1786502871446762,
        1.7213497128553237
      ],
      "n": 40
    }
  }
}