{
  "args": {
    "effect": "er6",
    "runs": 40,
    "seedBase": 52000,
    "out": "reports/sim/spec-i-er6-stresswave-n40-2026-06-11",
    "commit": "unknown",
    "scaling": {
      "countAdd": 6,
      "hpAdd": 4,
      "modAdd": 6,
      "dcAdd": 2
    },
    "band": [
      0.4,
      0.6
    ]
  },
  "summaries": {
    "off": {
      "n": 40,
      "win_rate": 0.9,
      "win_ci95": [
        0.7694792561952611,
        0.9604211124044252
      ],
      "timeouts": 0,
      "rounds": {
        "mean": 92.7,
        "sd": 8.140434058861151,
        "ci95": [
          90.17725334869579,
          95.22274665130422
        ],
        "n": 40
      },
      "player_attacks": {
        "mean": 56,
        "sd": 4.945860740208772,
        "ci95": [
          54.467261876951525,
          57.532738123048475
        ],
        "n": 40
      },
      "overcharge_uses": {
        "mean": null,
        "sd": null,
        "ci95": [
          null,
          null
        ],
        "n": 0
      },
      "survivors": {
        "mean": 1.8,
        "sd": 0.6076436202502,
        "ci95": [
          1.6116892911252176,
          1.9883107088747825
        ],
        "n": 40
      }
    },
    "off2": {
      "n": 40,
      "win_rate": 0.85,
      "win_ci95": [
        0.7092737396097997,
        0.9293890829149257
      ],
      "timeouts": 0,
      "rounds": {
        "mean": 92.525,
        "sd": 9.443455202088172,
        "ci95": [
          89.5984429128043,
          95.45155708719571
        ],
        "n": 40
      },
      "player_attacks": {
        "mean": 56.125,
        "sd": 5.962220804622798,
        "ci95": [
          54.27728862976592,
          57.97271137023408
        ],
        "n": 40
      },
      "overcharge_uses": {
        "mean": null,
        "sd": null,
        "ci95": [
          null,
          null
        ],
        "n": 0
      },
      "survivors": {
        "mean": 1.7,
        "sd": 0.7232405706795789,
        "ci95": [
          1.4758654250404286,
          1.9241345749595713
        ],
        "n": 40
      }
    },
    "on": {
      "n": 40,
      "win_rate": 0.9,
      "win_ci95": [
        0.7694792561952611,
        0.9604211124044252
      ],
      "timeouts": 0,
      "rounds": {
        "mean": 91.8,
        "sd": 7.397851385923154,
        "ci95": [
          89.50738210324685,
          94.09261789675314
        ],
        "n": 40
      },
      "player_attacks": {
        "mean": 55.525,
        "sd": 4.883186748478172,
        "ci95": [
          54.011684748216005,
          57.03831525178399
        ],
        "n": 40
      },
      "overcharge_uses": {
        "mean": null,
        "sd": null,
        "ci95": [
          null,
          null
        ],
        "n": 0
      },
      "survivors": {
        "mean": 1.8,
        "sd": 0.6076436202501994,
        "ci95": [
          1.6116892911252179,
          1.9883107088747822
        ],
        "n": 40
      }
    }
  },
  "deltas": {
    "off2 - off (noise floor)": {
      "pairs": 40,
      "rounds_delta": {
        "mean": -0.175,
        "sd": 12.673184895069408,
        "ci95": [
          -4.10246068873241,
          3.752460688732411
        ],
        "n": 40
      },
      "attacks_delta": {
        "mean": 0.125,
        "sd": 7.720062109488431,
        "ci95": [
          -2.2674720345068686,
          2.5174720345068686
        ],
        "n": 40
      },
      "flips": {
        "loss_to_win": 4,
        "win_to_loss": 6
      },
      "win_rate_delta": -0.05
    },
    "on - off (ER6 effect)": {
      "pairs": 40,
      "rounds_delta": {
        "mean": -0.9,
        "sd": 10.951641956275852,
        "ci95": [
          -4.293949004648398,
          2.4939490046483974
        ],
        "n": 40
      },
      "attacks_delta": {
        "mean": -0.475,
        "sd": 6.748171642216913,
        "ci95": [
          -2.5662800582541023,
          1.6162800582541021
        ],
        "n": 40
      },
      "flips": {
        "loss_to_win": 4,
        "win_to_loss": 4
      },
      "win_rate_delta": 0
    }
  },
  "extras": {
    "er6": {
      "off": {
        "rescue_rate": 0,
        "rescue_turn": {
          "mean": null,
          "sd": null,
          "ci95": [
            null,
            null
          ],
          "n": 0
        },
        "overrun_rate": 0,
        "overrun_turn": {
          "mean": null,
          "sd": null,
          "ci95": [
            null,
            null
          ],
          "n": 0
        },
        "spawns": {
          "mean": 0.1,
          "sd": 0.3038218101251,
          "ci95": [
            0.005844645562608761,
            0.19415535443739124
          ],
          "n": 40
        },
        "last_spawn_turn": {
          "mean": 34.75,
          "sd": 8.098353742170895,
          "ci95": [
            26.813613332672524,
            42.686386667327476
          ],
          "n": 4
        }
      },
      "off2": {
        "rescue_rate": 0,
        "rescue_turn": {
          "mean": null,
          "sd": null,
          "ci95": [
            null,
            null
          ],
          "n": 0
        },
        "overrun_rate": 0,
        "overrun_turn": {
          "mean": null,
          "sd": null,
          "ci95": [
            null,
            null
          ],
          "n": 0
        },
        "spawns": {
          "mean": 0.15,
          "sd": 0.36162028533978946,
          "ci95": [
            0.03793271252021435,
            0.26206728747978564
          ],
          "n": 40
        },
        "last_spawn_turn": {
          "mean": 31.5,
          "sd": 8.215838362577491,
          "ci95": [
            24.92596014615062,
            38.074039853849385
          ],
          "n": 6
        }
      },
      "on": {
        "rescue_rate": 1,
        "rescue_turn": {
          "mean": 4,
          "sd": 0,
          "ci95": [
            4,
            4
          ],
          "n": 40
        },
        "overrun_rate": 1,
        "overrun_turn": {
          "mean": 8,
          "sd": 0,
          "ci95": [
            8,
            8
          ],
          "n": 40
        },
        "spawns": {
          "mean": 0.1,
          "sd": 0.3038218101250997,
          "ci95": [
            0.005844645562608872,
            0.19415535443739113
          ],
          "n": 40
        },
        "last_spawn_turn": {
          "mean": 28.75,
          "sd": 7.135591542869215,
          "ci95": [
            21.75712028798817,
            35.74287971201183
          ],
          "n": 4
        }
      }
    }
  }
}