{
  "arm": "off2",
  "args": {
    "effect": "er6",
    "runs": 40,
    "seedBase": 52000,
    "out": "reports/sim/spec-i-er6-stresswave-n40-2026-06-11-mod10x10-iso",
    "commit": "unknown",
    "scaling": {
      "countAdd": 6,
      "hpAdd": 4,
      "modAdd": 6,
      "dcAdd": 2
    },
    "band": [
      0.4,
      0.6
    ],
    "modulation": "duo_hardcore",
    "arms": [
      "off2"
    ]
  },
  "summary": {
    "n": 40,
    "win_rate": 0.675,
    "win_ci95": [
      0.52017458088898,
      0.7991568303733828
    ],
    "timeouts": 1,
    "rounds": {
      "mean": 102.55,
      "sd": 15.016145157283725,
      "ci95": [
        97.89644840347306,
        107.20355159652694
      ],
      "n": 40
    },
    "player_attacks": {
      "mean": 62.125,
      "sd": 9.972237102100653,
      "ci95": [
        59.034571704232235,
        65.21542829576777
      ],
      "n": 40
    },
    "overcharge_uses": {
      "mean": null,
      "sd": null,
      "ci95": [
        null,
        null
      ],
      "n": 0
    },
    "survivors": {
      "mean": 1.35,
      "sd": 0.9212588934267874,
      "ci95": [
        1.0644989110443328,
        1.6355010889556674
      ],
      "n": 40
    }
  }
}