{
  "arm": "control2",
  "args": {
    "runs": 40,
    "seedBase": 41000,
    "scenario": "enc_hardcore_reinf_01",
    "out": "reports/sim/overcharge-n40-2026-06-10",
    "commit": "6f54d08953a8b7aa369359bbd466d006d5027e96",
    "scaling": {
      "countAdd": 6,
      "hpAdd": 4,
      "modAdd": 6,
      "dcAdd": 2
    }
  },
  "summary": {
    "n": 40,
    "win_rate": 0.9,
    "win_ci95": [
      0.7694792561952611,
      0.9604211124044252
    ],
    "timeouts": 0,
    "rounds": {
      "mean": 82.225,
      "sd": 7.767412201479481,
      "ci95": [
        79.81785401995832,
        84.63214598004167
      ],
      "n": 40
    },
    "player_attacks": {
      "mean": 48.55,
      "sd": 4.808912665628377,
      "ci95": [
        47.059702524962695,
        50.0402974750373
      ],
      "n": 40
    },
    "overcharge_uses": {
      "mean": 0,
      "sd": 0,
      "ci95": [
        0,
        0
      ],
      "n": 40
    },
    "survivors": {
      "mean": 1.8,
      "sd": 0.6076436202501996,
      "ci95": [
        1.6116892911252176,
        1.9883107088747825
      ],
      "n": 40
    }
  }
}