{
  "arm": "control",
  "args": {
    "runs": 40,
    "seedBase": 41000,
    "scenario": "enc_hardcore_reinf_01",
    "out": "reports/sim/overcharge-n40-2026-06-10",
    "commit": "6f54d08953a8b7aa369359bbd466d006d5027e96",
    "scaling": {
      "countAdd": 6,
      "hpAdd": 4,
      "modAdd": 6,
      "dcAdd": 2
    }
  },
  "summary": {
    "n": 40,
    "win_rate": 0.9,
    "win_ci95": [
      0.7694792561952611,
      0.9604211124044252
    ],
    "timeouts": 0,
    "rounds": {
      "mean": 83.525,
      "sd": 7.0164184742023625,
      "ci95": [
        81.35058938725444,
        85.69941061274557
      ],
      "n": 40
    },
    "player_attacks": {
      "mean": 49.525,
      "sd": 4.302578237194472,
      "ci95": [
        48.19161719002054,
        50.85838280997946
      ],
      "n": 40
    },
    "overcharge_uses": {
      "mean": 0,
      "sd": 0,
      "ci95": [
        0,
        0
      ],
      "n": 40
    },
    "survivors": {
      "mean": 1.8,
      "sd": 0.6076436202501997,
      "ci95": [
        1.6116892911252176,
        1.9883107088747825
      ],
      "n": 40
    }
  }
}