{
  "arm": "off2",
  "args": {
    "effect": "er6",
    "runs": 40,
    "seedBase": 52000,
    "out": "reports/sim/spec-i-er6-stresswave-n40-2026-06-10",
    "commit": "be4f3af9f",
    "scaling": {
      "countAdd": 6,
      "hpAdd": 4,
      "modAdd": 6,
      "dcAdd": 2
    },
    "band": [
      0.4,
      0.6
    ],
    "arms": [
      "off2"
    ]
  },
  "summary": {
    "n": 40,
    "win_rate": 0.825,
    "win_ci95": [
      0.6804970794560756,
      0.9125469700311694
    ],
    "timeouts": 0,
    "rounds": {
      "mean": 91.2,
      "sd": 11.32548748031036,
      "ci95": [
        87.69019506714879,
        94.70980493285121
      ],
      "n": 40
    },
    "player_attacks": {
      "mean": 55.125,
      "sd": 7.111520087064224,
      "ci95": [
        52.921117092086135,
        57.328882907913865
      ],
      "n": 40
    },
    "overcharge_uses": {
      "mean": null,
      "sd": null,
      "ci95": [
        null,
        null
      ],
      "n": 0
    },
    "survivors": {
      "mean": 1.65,
      "sd": 0.7696152885095853,
      "ci95": [
        1.4114937510897654,
        1.8885062489102344
      ],
      "n": 40
    }
  }
}