{
  "arm": "off",
  "args": {
    "effect": "er6",
    "runs": 40,
    "seedBase": 53000,
    "out": "reports/sim/spec-i-er6-stresswave-n40-2026-06-11-atollo",
    "commit": "unknown",
    "scaling": {
      "countAdd": 6,
      "hpAdd": 4,
      "modAdd": 6,
      "dcAdd": 2
    },
    "band": [
      0.4,
      0.6
    ],
    "biome": "atollo_obsidiana",
    "modulation": "duo_hardcore"
  },
  "summary": {
    "n": 40,
    "win_rate": 0.775,
    "win_ci95": [
      0.6249660359590695,
      0.8768404674532148
    ],
    "timeouts": 2,
    "rounds": {
      "mean": 105.85,
      "sd": 14.204639906445882,
      "ci95": [
        101.44793648620477,
        110.25206351379522
      ],
      "n": 40
    },
    "player_attacks": {
      "mean": 64,
      "sd": 9.243154084829346,
      "ci95": [
        61.135516872148905,
        66.86448312785109
      ],
      "n": 40
    },
    "overcharge_uses": {
      "mean": null,
      "sd": null,
      "ci95": [
        null,
        null
      ],
      "n": 0
    },
    "survivors": {
      "mean": 1.6,
      "sd": 0.7778998683173853,
      "ci95": [
        1.358926333208057,
        1.8410736667919432
      ],
      "n": 40
    }
  }
}