{
  "arm": "on_abundant",
  "args": {
    "effect": "er7",
    "runs": 40,
    "seedBase": 62000,
    "out": "reports/sim/spec-i-er7-population-n40-2026-06-11",
    "commit": "ba5975d52",
    "scaling": {
      "countAdd": 6,
      "hpAdd": 4,
      "modAdd": 7,
      "dcAdd": 2
    },
    "band": [
      0.4,
      0.6
    ],
    "arms": [
      "on_abundant"
    ]
  },
  "summary": {
    "n": 40,
    "win_rate": 0.725,
    "win_ci95": [
      0.5716474916687543,
      0.8389214656685691
    ],
    "timeouts": 0,
    "rounds": {
      "mean": 107.675,
      "sd": 10.576673656732805,
      "ci95": [
        104.39725487528939,
        110.9527451247106
      ],
      "n": 40
    },
    "player_attacks": {
      "mean": 65,
      "sd": 6.9724733499228675,
      "ci95": [
        62.83920812236312,
        67.16079187763688
      ],
      "n": 40
    },
    "overcharge_uses": {
      "mean": null,
      "sd": null,
      "ci95": [
        null,
        null
      ],
      "n": 0
    },
    "survivors": {
      "mean": 1.4,
      "sd": 0.9001424388708767,
      "ci95": [
        1.1210429681097362,
        1.6789570318902636
      ],
      "n": 40
    }
  }
}