{
  "arm": "control",
  "args": {
    "runs": 40,
    "seedBase": 42000,
    "scenario": "enc_hardcore_reinf_01",
    "out": "reports/sim/wound-magnitude-n40-2026-06-10",
    "commit": "adc8cd9e2903a6db20731cd748950958ccabbad7",
    "scaling": {
      "countAdd": 6,
      "hpAdd": 4,
      "modAdd": 6,
      "dcAdd": 2
    }
  },
  "summary": {
    "n": 40,
    "win_rate": 0.875,
    "win_ci95": [
      0.7388757932976185,
      0.9454058022645871
    ],
    "timeouts": 0,
    "rounds": {
      "mean": 85.3,
      "sd": 10.059311288042714,
      "ci95": [
        82.18258713444,
        88.41741286556
      ],
      "n": 40
    },
    "player_attacks": {
      "mean": 50.525,
      "sd": 6.143529011728415,
      "ci95": [
        48.62110063425826,
        52.428899365741735
      ],
      "n": 40
    },
    "overcharge_uses": {
      "mean": 0,
      "sd": 0,
      "ci95": [
        0,
        0
      ],
      "n": 40
    },
    "survivors": {
      "mean": 1.75,
      "sd": 0.6698641270570836,
      "ci95": [
        1.5424069562946008,
        1.9575930437053992
      ],
      "n": 40
    }
  }
}