{
  "arm": "atk_lieve",
  "args": {
    "runs": 40,
    "seedBase": 42000,
    "scenario": "enc_hardcore_reinf_01",
    "out": "reports/sim/wound-magnitude-n40-2026-06-10",
    "commit": "adc8cd9e2903a6db20731cd748950958ccabbad7",
    "scaling": {
      "countAdd": 6,
      "hpAdd": 4,
      "modAdd": 6,
      "dcAdd": 2
    }
  },
  "summary": {
    "n": 40,
    "win_rate": 0.975,
    "win_ci95": [
      0.8711834051199223,
      0.9955732825922052
    ],
    "timeouts": 0,
    "rounds": {
      "mean": 81.8,
      "sd": 5.214378543004295,
      "ci95": [
        80.18404734773603,
        83.41595265226397
      ],
      "n": 40
    },
    "player_attacks": {
      "mean": 48.35,
      "sd": 3.1259870236126814,
      "ci95": [
        47.38124658478683,
        49.31875341521317
      ],
      "n": 40
    },
    "overcharge_uses": {
      "mean": 0,
      "sd": 0,
      "ci95": [
        0,
        0
      ],
      "n": 40
    },
    "survivors": {
      "mean": 1.95,
      "sd": 0.3162277660168379,
      "ci95": [
        1.8519999999999999,
        2.048
      ],
      "n": 40
    }
  }
}