{
  "arm": "off2",
  "args": {
    "effect": "er6",
    "runs": 40,
    "seedBase": 52000,
    "out": "reports/sim/spec-i-er6-stresswave-n40-2026-06-11-mod10x10",
    "commit": "unknown",
    "scaling": {
      "countAdd": 6,
      "hpAdd": 4,
      "modAdd": 6,
      "dcAdd": 2
    },
    "band": [
      0.4,
      0.6
    ],
    "modulation": "duo_hardcore"
  },
  "summary": {
    "n": 40,
    "win_rate": 0.775,
    "win_ci95": [
      0.6249660359590695,
      0.8768404674532148
    ],
    "timeouts": 0,
    "rounds": {
      "mean": 103.95,
      "sd": 12.0553211998175,
      "ci95": [
        100.21401725419896,
        107.68598274580104
      ],
      "n": 40
    },
    "player_attacks": {
      "mean": 63.425,
      "sd": 7.951414968419144,
      "ci95": [
        60.960830971706685,
        65.88916902829331
      ],
      "n": 40
    },
    "overcharge_uses": {
      "mean": null,
      "sd": null,
      "ci95": [
        null,
        null
      ],
      "n": 0
    },
    "survivors": {
      "mean": 1.55,
      "sd": 0.8458041235325209,
      "ci95": [
        1.2878825864969317,
        1.8121174135030684
      ],
      "n": 40
    }
  }
}