{
  "arm": "live",
  "args": {
    "runs": 40,
    "seedBase": 41000,
    "scenario": "enc_hardcore_reinf_01",
    "out": "reports/sim/overcharge-n40-2026-06-10",
    "commit": "6f54d08953a8b7aa369359bbd466d006d5027e96",
    "scaling": {
      "countAdd": 6,
      "hpAdd": 4,
      "modAdd": 6,
      "dcAdd": 2
    }
  },
  "summary": {
    "n": 40,
    "win_rate": 0.65,
    "win_ci95": [
      0.4950559699353738,
      0.7786566682895085
    ],
    "timeouts": 0,
    "rounds": {
      "mean": 80.675,
      "sd": 7.9110033724537345,
      "ci95": [
        78.22335465504574,
        83.12664534495426
      ],
      "n": 40
    },
    "player_attacks": {
      "mean": 49.425,
      "sd": 5.0428293848917995,
      "ci95": [
        47.86221098262737,
        50.98778901737263
      ],
      "n": 40
    },
    "overcharge_uses": {
      "mean": 9.6,
      "sd": 1.9715931342900055,
      "ci95": [
        8.988996957496349,
        10.21100304250365
      ],
      "n": 40
    },
    "survivors": {
      "mean": 1.3,
      "sd": 0.9660917830792959,
      "ci95": [
        1.0006050545962184,
        1.5993949454037817
      ],
      "n": 40
    }
  }
}