{
  "arm": "off",
  "args": {
    "effect": "er7",
    "runs": 40,
    "seedBase": 62000,
    "out": "reports/sim/spec-i-er7-population-n40-2026-06-11",
    "commit": "ba5975d52",
    "scaling": {
      "countAdd": 6,
      "hpAdd": 4,
      "modAdd": 7,
      "dcAdd": 2
    },
    "band": [
      0.4,
      0.6
    ],
    "arms": [
      "off"
    ]
  },
  "summary": {
    "n": 40,
    "win_rate": 0.625,
    "win_ci95": [
      0.4703216005453191,
      0.7577722646420829
    ],
    "timeouts": 0,
    "rounds": {
      "mean": 106.525,
      "sd": 11.363431000475343,
      "ci95": [
        103.00343624842455,
        110.04656375157546
      ],
      "n": 40
    },
    "player_attacks": {
      "mean": 63.45,
      "sd": 6.846110630805696,
      "ci95": [
        61.328368334729866,
        65.57163166527013
      ],
      "n": 40
    },
    "overcharge_uses": {
      "mean": null,
      "sd": null,
      "ci95": [
        null,
        null
      ],
      "n": 0
    },
    "survivors": {
      "mean": 1.225,
      "sd": 0.9736924170788859,
      "ci95": [
        0.9232495937164167,
        1.5267504062835835
      ],
      "n": 40
    }
  }
}