{
  "arm": "off",
  "args": {
    "effect": "er7",
    "runs": 40,
    "seedBase": 52000,
    "out": "reports/sim/er7-population-n40",
    "commit": "unknown",
    "scaling": {},
    "band": [
      0.4,
      0.6
    ],
    "arms": [
      "off"
    ]
  },
  "summary": {
    "n": 40,
    "win_rate": 1,
    "win_ci95": [
      0.9123754607496077,
      1
    ],
    "timeouts": 0,
    "rounds": {
      "mean": 32.85,
      "sd": 4.537874799100091,
      "ci95": [
        31.443698030020144,
        34.25630196997986
      ],
      "n": 40
    },
    "player_attacks": {
      "mean": 13.275,
      "sd": 2.374949392173361,
      "ci95": [
        12.538995558123771,
        14.01100444187623
      ],
      "n": 40
    },
    "overcharge_uses": {
      "mean": null,
      "sd": null,
      "ci95": [
        null,
        null
      ],
      "n": 0
    },
    "survivors": {
      "mean": 2,
      "sd": 0,
      "ci95": [
        2,
        2
      ],
      "n": 40
    }
  }
}