{
  "arm": "off",
  "args": {
    "effect": "er7",
    "runs": 40,
    "seedBase": 52000,
    "out": "reports/sim/er7-population-n40",
    "commit": "unknown",
    "scaling": {},
    "band": [
      0.4,
      0.6
    ]
  },
  "summary": {
    "n": 40,
    "win_rate": 1,
    "win_ci95": [
      0.9123754607496077,
      1
    ],
    "timeouts": 0,
    "rounds": {
      "mean": 32.5,
      "sd": 4.651991577918606,
      "ci95": [
        31.05833287386994,
        33.941667126130056
      ],
      "n": 40
    },
    "player_attacks": {
      "mean": 13.1,
      "sd": 2.362093812592374,
      "ci95": [
        12.367979543511284,
        13.832020456488715
      ],
      "n": 40
    },
    "overcharge_uses": {
      "mean": null,
      "sd": null,
      "ci95": [
        null,
        null
      ],
      "n": 0
    },
    "survivors": {
      "mean": 2,
      "sd": 0,
      "ci95": [
        2,
        2
      ],
      "n": 40
    }
  }
}