{
  "arm": "off2",
  "args": {
    "effect": "er6",
    "runs": 40,
    "seedBase": 53000,
    "out": "reports/sim/spec-i-er6-stresswave-n40-2026-06-11-atollo",
    "commit": "unknown",
    "scaling": {
      "countAdd": 6,
      "hpAdd": 4,
      "modAdd": 6,
      "dcAdd": 2
    },
    "band": [
      0.4,
      0.6
    ],
    "biome": "atollo_obsidiana",
    "modulation": "duo_hardcore"
  },
  "summary": {
    "n": 40,
    "win_rate": 0.75,
    "win_ci95": [
      0.5980574093302989,
      0.8581303210445049
    ],
    "timeouts": 1,
    "rounds": {
      "mean": 103.475,
      "sd": 12.636916818063918,
      "ci95": [
        99.55877890477737,
        107.39122109522262
      ],
      "n": 40
    },
    "player_attacks": {
      "mean": 62.825,
      "sd": 8.332474314699578,
      "ci95": [
        60.242739456828474,
        65.40726054317153
      ],
      "n": 40
    },
    "overcharge_uses": {
      "mean": null,
      "sd": null,
      "ci95": [
        null,
        null
      ],
      "n": 0
    },
    "survivors": {
      "mean": 1.5,
      "sd": 0.8473185457363234,
      "ci95": [
        1.2374132621936234,
        1.7625867378063766
      ],
      "n": 40
    }
  }
}