{
  "args": {
    "effect": "er6",
    "runs": 40,
    "seedBase": 52000,
    "out": "reports/sim/spec-i-er6-stresswave-n40-2026-06-11-mod10x10-iso",
    "commit": "unknown",
    "scaling": {
      "countAdd": 6,
      "hpAdd": 4,
      "modAdd": 6,
      "dcAdd": 2
    },
    "band": [
      0.4,
      0.6
    ],
    "modulation": "duo_hardcore",
    "aggregate": true
  },
  "isolated_arms": true,
  "summaries": {
    "off": {
      "n": 40,
      "win_rate": 0.7,
      "win_ci95": [
        0.545696893456796,
        0.819253290843047
      ],
      "timeouts": 3,
      "rounds": {
        "mean": 109.525,
        "sd": 17.42380849768794,
        "ci95": [
          104.12530580400554,
          114.92469419599448
        ],
        "n": 40
      },
      "player_attacks": {
        "mean": 66.775,
        "sd": 11.733116620959056,
        "ci95": [
          63.13886948768831,
          70.4111305123117
        ],
        "n": 40
      },
      "overcharge_uses": {
        "mean": null,
        "sd": null,
        "ci95": [
          null,
          null
        ],
        "n": 0
      },
      "survivors": {
        "mean": 1.475,
        "sd": 0.8469401940560459,
        "ci95": [
          1.2125305145941137,
          1.7374694854058865
        ],
        "n": 40
      }
    },
    "off2": {
      "n": 40,
      "win_rate": 0.675,
      "win_ci95": [
        0.52017458088898,
        0.7991568303733828
      ],
      "timeouts": 1,
      "rounds": {
        "mean": 102.55,
        "sd": 15.016145157283725,
        "ci95": [
          97.89644840347306,
          107.20355159652694
        ],
        "n": 40
      },
      "player_attacks": {
        "mean": 62.125,
        "sd": 9.972237102100653,
        "ci95": [
          59.034571704232235,
          65.21542829576777
        ],
        "n": 40
      },
      "overcharge_uses": {
        "mean": null,
        "sd": null,
        "ci95": [
          null,
          null
        ],
        "n": 0
      },
      "survivors": {
        "mean": 1.35,
        "sd": 0.9212588934267874,
        "ci95": [
          1.0644989110443328,
          1.6355010889556674
        ],
        "n": 40
      }
    },
    "on": {
      "n": 40,
      "win_rate": 0.675,
      "win_ci95": [
        0.52017458088898,
        0.7991568303733828
      ],
      "timeouts": 2,
      "rounds": {
        "mean": 105.85,
        "sd": 14.501193584826574,
        "ci95": [
          101.35603354913073,
          110.34396645086926
        ],
        "n": 40
      },
      "player_attacks": {
        "mean": 64.575,
        "sd": 9.87067009909298,
        "ci95": [
          61.516047644565134,
          67.63395235543487
        ],
        "n": 40
      },
      "overcharge_uses": {
        "mean": null,
        "sd": null,
        "ci95": [
          null,
          null
        ],
        "n": 0
      },
      "survivors": {
        "mean": 1.4,
        "sd": 0.9001424388708767,
        "ci95": [
          1.1210429681097362,
          1.6789570318902636
        ],
        "n": 40
      }
    }
  },
  "deltas": {
    "off2 - off (noise floor)": {
      "pairs": 40,
      "rounds_delta": {
        "mean": -6.975,
        "sd": 24.445111199142897,
        "ci95": [
          -14.55061844644738,
          0.6006184464473812
        ],
        "n": 40
      },
      "attacks_delta": {
        "mean": -4.65,
        "sd": 16.34805720441956,
        "ci95": [
          -9.71631541629969,
          0.41631541629968893
        ],
        "n": 40
      },
      "flips": {
        "loss_to_win": 7,
        "win_to_loss": 8
      },
      "win_rate_delta": -0.025
    },
    "on - off (ER6 effect)": {
      "pairs": 40,
      "rounds_delta": {
        "mean": -3.675,
        "sd": 22.323251647162966,
        "ci95": [
          -10.593047358641762,
          3.2430473586417614
        ],
        "n": 40
      },
      "attacks_delta": {
        "mean": -2.2,
        "sd": 15.057496642144907,
        "ci95": [
          -6.866366554452492,
          2.4663665544524918
        ],
        "n": 40
      },
      "flips": {
        "loss_to_win": 10,
        "win_to_loss": 11
      },
      "win_rate_delta": -0.025
    }
  },
  "extras": {
    "er6": {
      "off": {
        "rescue_rate": 0,
        "rescue_turn": {
          "mean": null,
          "sd": null,
          "ci95": [
            null,
            null
          ],
          "n": 0
        },
        "overrun_rate": 0,
        "overrun_turn": {
          "mean": null,
          "sd": null,
          "ci95": [
            null,
            null
          ],
          "n": 0
        },
        "spawns": {
          "mean": 4,
          "sd": 0,
          "ci95": [
            4,
            4
          ],
          "n": 40
        },
        "last_spawn_turn": {
          "mean": 11,
          "sd": 0,
          "ci95": [
            11,
            11
          ],
          "n": 40
        }
      },
      "off2": {
        "rescue_rate": 0,
        "rescue_turn": {
          "mean": null,
          "sd": null,
          "ci95": [
            null,
            null
          ],
          "n": 0
        },
        "overrun_rate": 0,
        "overrun_turn": {
          "mean": null,
          "sd": null,
          "ci95": [
            null,
            null
          ],
          "n": 0
        },
        "spawns": {
          "mean": 4,
          "sd": 0,
          "ci95": [
            4,
            4
          ],
          "n": 40
        },
        "last_spawn_turn": {
          "mean": 11,
          "sd": 0,
          "ci95": [
            11,
            11
          ],
          "n": 40
        }
      },
      "on": {
        "rescue_rate": 1,
        "rescue_turn": {
          "mean": 4,
          "sd": 0,
          "ci95": [
            4,
            4
          ],
          "n": 40
        },
        "overrun_rate": 1,
        "overrun_turn": {
          "mean": 8,
          "sd": 0,
          "ci95": [
            8,
            8
          ],
          "n": 40
        },
        "spawns": {
          "mean": 4,
          "sd": 0,
          "ci95": [
            4,
            4
          ],
          "n": 40
        },
        "last_spawn_turn": {
          "mean": 8,
          "sd": 0,
          "ci95": [
            8,
            8
          ],
          "n": 40
        }
      }
    }
  }
}