{
  "arm": "off",
  "args": {
    "effect": "er7",
    "runs": 40,
    "seedBase": 72000,
    "out": "reports/sim/spec-i-er7-pilot-canonical-n40-2026-06-11",
    "commit": "c85710fb0",
    "scaling": {
      "countAdd": 7,
      "hpAdd": 4,
      "modAdd": 6,
      "dcAdd": 1
    },
    "band": [
      0.4,
      0.6
    ],
    "arms": [
      "off"
    ],
    "scenario": "enc_badlands_foodweb_pilot_01"
  },
  "summary": {
    "n": 40,
    "win_rate": 0.5,
    "win_ci95": [
      0.3519927879709976,
      0.6480072120290024
    ],
    "timeouts": 0,
    "rounds": {
      "mean": 107.6,
      "sd": 12.440216009337393,
      "ci95": [
        103.74473711694831,
        111.45526288305167
      ],
      "n": 40
    },
    "player_attacks": {
      "mean": 65.1,
      "sd": 7.781635185090996,
      "ci95": [
        62.68844627167143,
        67.51155372832855
      ],
      "n": 40
    },
    "overcharge_uses": {
      "mean": null,
      "sd": null,
      "ci95": [
        null,
        null
      ],
      "n": 0
    },
    "survivors": {
      "mean": 0.95,
      "sd": 0.9857965671450025,
      "ci95": [
        0.6444984787481747,
        1.2555015212518252
      ],
      "n": 40
    }
  }
}