{
  "args": {
    "effect": "er6",
    "runs": 40,
    "seedBase": 52000,
    "out": "reports/sim/spec-i-er6-stresswave-n40-2026-06-10",
    "commit": "be4f3af9f",
    "scaling": {
      "countAdd": 6,
      "hpAdd": 4,
      "modAdd": 6,
      "dcAdd": 2
    },
    "band": [
      0.4,
      0.6
    ],
    "aggregate": true
  },
  "isolated_arms": true,
  "summaries": {
    "off": {
      "n": 40,
      "win_rate": 0.875,
      "win_ci95": [
        0.7388757932976185,
        0.9454058022645871
      ],
      "timeouts": 0,
      "rounds": {
        "mean": 92.9,
        "sd": 9.924845797419932,
        "ci95": [
          89.82425842171189,
          95.97574157828812
        ],
        "n": 40
      },
      "player_attacks": {
        "mean": 56.375,
        "sd": 6.245767797846425,
        "ci95": [
          54.439416506182575,
          58.310583493817425
        ],
        "n": 40
      },
      "overcharge_uses": {
        "mean": null,
        "sd": null,
        "ci95": [
          null,
          null
        ],
        "n": 0
      },
      "survivors": {
        "mean": 1.75,
        "sd": 0.6698641270570836,
        "ci95": [
          1.5424069562946008,
          1.9575930437053992
        ],
        "n": 40
      }
    },
    "off2": {
      "n": 40,
      "win_rate": 0.825,
      "win_ci95": [
        0.6804970794560756,
        0.9125469700311694
      ],
      "timeouts": 0,
      "rounds": {
        "mean": 91.2,
        "sd": 11.32548748031036,
        "ci95": [
          87.69019506714879,
          94.70980493285121
        ],
        "n": 40
      },
      "player_attacks": {
        "mean": 55.125,
        "sd": 7.111520087064224,
        "ci95": [
          52.921117092086135,
          57.328882907913865
        ],
        "n": 40
      },
      "overcharge_uses": {
        "mean": null,
        "sd": null,
        "ci95": [
          null,
          null
        ],
        "n": 0
      },
      "survivors": {
        "mean": 1.65,
        "sd": 0.7696152885095853,
        "ci95": [
          1.4114937510897654,
          1.8885062489102344
        ],
        "n": 40
      }
    },
    "on": {
      "n": 40,
      "win_rate": 0.825,
      "win_ci95": [
        0.6804970794560756,
        0.9125469700311694
      ],
      "timeouts": 0,
      "rounds": {
        "mean": 90.4,
        "sd": 10.616387912453666,
        "ci95": [
          87.1099472999311,
          93.69005270006892
        ],
        "n": 40
      },
      "player_attacks": {
        "mean": 54.65,
        "sd": 6.974495662310627,
        "ci95": [
          52.488581401261115,
          56.81141859873888
        ],
        "n": 40
      },
      "overcharge_uses": {
        "mean": null,
        "sd": null,
        "ci95": [
          null,
          null
        ],
        "n": 0
      },
      "survivors": {
        "mean": 1.65,
        "sd": 0.7696152885095853,
        "ci95": [
          1.4114937510897654,
          1.8885062489102344
        ],
        "n": 40
      }
    }
  },
  "deltas": {
    "off2 - off (noise floor)": {
      "pairs": 40,
      "rounds_delta": {
        "mean": -1.7,
        "sd": 15.647069030037839,
        "ci95": [
          -6.549076930398515,
          3.1490769303985147
        ],
        "n": 40
      },
      "attacks_delta": {
        "mean": -1.25,
        "sd": 9.681465241933642,
        "ci95": [
          -4.250317162721814,
          1.7503171627218141
        ],
        "n": 40
      },
      "flips": {
        "loss_to_win": 5,
        "win_to_loss": 7
      },
      "win_rate_delta": -0.05
    },
    "on - off (ER6 effect)": {
      "pairs": 40,
      "rounds_delta": {
        "mean": -2.5,
        "sd": 14.743968779966112,
        "ci95": [
          -7.069203263320473,
          2.069203263320473
        ],
        "n": 40
      },
      "attacks_delta": {
        "mean": -1.725,
        "sd": 9.513788913318367,
        "ci95": [
          -4.673353730126139,
          1.2233537301261386
        ],
        "n": 40
      },
      "flips": {
        "loss_to_win": 5,
        "win_to_loss": 7
      },
      "win_rate_delta": -0.05
    }
  },
  "extras": {
    "er6": {
      "off": {
        "rescue_rate": 0,
        "rescue_turn": {
          "mean": null,
          "sd": null,
          "ci95": [
            null,
            null
          ],
          "n": 0
        },
        "overrun_rate": 0,
        "overrun_turn": {
          "mean": null,
          "sd": null,
          "ci95": [
            null,
            null
          ],
          "n": 0
        },
        "spawns": {
          "mean": 0.125,
          "sd": 0.3349320635285418,
          "ci95": [
            0.021203478147300392,
            0.2287965218526996
          ],
          "n": 40
        },
        "last_spawn_turn": {
          "mean": 32.2,
          "sd": 9.54986910905066,
          "ci95": [
            23.829170650407455,
            40.57082934959255
          ],
          "n": 5
        }
      },
      "off2": {
        "rescue_rate": 0,
        "rescue_turn": {
          "mean": null,
          "sd": null,
          "ci95": [
            null,
            null
          ],
          "n": 0
        },
        "overrun_rate": 0,
        "overrun_turn": {
          "mean": null,
          "sd": null,
          "ci95": [
            null,
            null
          ],
          "n": 0
        },
        "spawns": {
          "mean": 0.175,
          "sd": 0.38480764425479264,
          "ci95": [
            0.055746875544882724,
            0.29425312445511725
          ],
          "n": 40
        },
        "last_spawn_turn": {
          "mean": 30.714285714285715,
          "sd": 9.086882225022428,
          "ci95": [
            23.982629157389784,
            37.44594227118165
          ],
          "n": 7
        }
      },
      "on": {
        "rescue_rate": 1,
        "rescue_turn": {
          "mean": 4,
          "sd": 0,
          "ci95": [
            4,
            4
          ],
          "n": 40
        },
        "overrun_rate": 1,
        "overrun_turn": {
          "mean": 8,
          "sd": 0,
          "ci95": [
            8,
            8
          ],
          "n": 40
        },
        "spawns": {
          "mean": 0.175,
          "sd": 0.38480764425479264,
          "ci95": [
            0.055746875544882724,
            0.29425312445511725
          ],
          "n": 40
        },
        "last_spawn_turn": {
          "mean": 28.428571428571427,
          "sd": 7.892129895390362,
          "ci95": [
            22.58199978358152,
            34.27514307356134
          ],
          "n": 7
        }
      }
    }
  }
}