{
  "arm": "on",
  "args": {
    "effect": "er6",
    "runs": 40,
    "seedBase": 52000,
    "out": "reports/sim/spec-i-er6-stresswave-n40-2026-06-10",
    "commit": "be4f3af9f",
    "scaling": {
      "countAdd": 6,
      "hpAdd": 4,
      "modAdd": 6,
      "dcAdd": 2
    },
    "band": [
      0.4,
      0.6
    ],
    "arms": [
      "on"
    ]
  },
  "summary": {
    "n": 40,
    "win_rate": 0.825,
    "win_ci95": [
      0.6804970794560756,
      0.9125469700311694
    ],
    "timeouts": 0,
    "rounds": {
      "mean": 90.4,
      "sd": 10.616387912453666,
      "ci95": [
        87.1099472999311,
        93.69005270006892
      ],
      "n": 40
    },
    "player_attacks": {
      "mean": 54.65,
      "sd": 6.974495662310627,
      "ci95": [
        52.488581401261115,
        56.81141859873888
      ],
      "n": 40
    },
    "overcharge_uses": {
      "mean": null,
      "sd": null,
      "ci95": [
        null,
        null
      ],
      "n": 0
    },
    "survivors": {
      "mean": 1.65,
      "sd": 0.7696152885095853,
      "ci95": [
        1.4114937510897654,
        1.8885062489102344
      ],
      "n": 40
    }
  }
}