{
  "arm": "atk_grave",
  "args": {
    "runs": 40,
    "seedBase": 42000,
    "scenario": "enc_hardcore_reinf_01",
    "out": "reports/sim/wound-magnitude-n40-2026-06-10",
    "commit": "adc8cd9e2903a6db20731cd748950958ccabbad7",
    "scaling": {
      "countAdd": 6,
      "hpAdd": 4,
      "modAdd": 6,
      "dcAdd": 2
    }
  },
  "summary": {
    "n": 40,
    "win_rate": 0.95,
    "win_ci95": [
      0.834958291820748,
      0.9861796228538989
    ],
    "timeouts": 0,
    "rounds": {
      "mean": 81.775,
      "sd": 3.872900589268846,
      "ci95": [
        80.57477567267722,
        82.97522432732279
      ],
      "n": 40
    },
    "player_attacks": {
      "mean": 48.4,
      "sd": 2.5998027538592923,
      "ci95": [
        47.5943127794014,
        49.2056872205986
      ],
      "n": 40
    },
    "overcharge_uses": {
      "mean": 0,
      "sd": 0,
      "ci95": [
        0,
        0
      ],
      "n": 40
    },
    "survivors": {
      "mean": 1.9,
      "sd": 0.4414428557263045,
      "ci95": [
        1.7631954416713858,
        2.036804558328614
      ],
      "n": 40
    }
  }
}