{
  "args": {
    "effect": "er7",
    "runs": 40,
    "seedBase": 72000,
    "out": "reports/sim/spec-i-er7-pilot-canonical-n40-2026-06-11",
    "commit": "c85710fb0",
    "scaling": {
      "countAdd": 7,
      "hpAdd": 4,
      "modAdd": 6,
      "dcAdd": 1
    },
    "band": [
      0.4,
      0.6
    ],
    "scenario": "enc_badlands_foodweb_pilot_01",
    "aggregate": true
  },
  "isolated_arms": true,
  "summaries": {
    "off": {
      "n": 40,
      "win_rate": 0.5,
      "win_ci95": [
        0.3519927879709976,
        0.6480072120290024
      ],
      "timeouts": 0,
      "rounds": {
        "mean": 107.6,
        "sd": 12.440216009337393,
        "ci95": [
          103.74473711694831,
          111.45526288305167
        ],
        "n": 40
      },
      "player_attacks": {
        "mean": 65.1,
        "sd": 7.781635185090996,
        "ci95": [
          62.68844627167143,
          67.51155372832855
        ],
        "n": 40
      },
      "overcharge_uses": {
        "mean": null,
        "sd": null,
        "ci95": [
          null,
          null
        ],
        "n": 0
      },
      "survivors": {
        "mean": 0.95,
        "sd": 0.9857965671450025,
        "ci95": [
          0.6444984787481747,
          1.2555015212518252
        ],
        "n": 40
      }
    },
    "off2": {
      "n": 40,
      "win_rate": 0.625,
      "win_ci95": [
        0.4703216005453191,
        0.7577722646420829
      ],
      "timeouts": 2,
      "rounds": {
        "mean": 113.85,
        "sd": 13.300375934536591,
        "ci95": [
          109.72817079441663,
          117.97182920558336
        ],
        "n": 40
      },
      "player_attacks": {
        "mean": 69.25,
        "sd": 8.586662286987258,
        "ci95": [
          66.58896578809609,
          71.91103421190391
        ],
        "n": 40
      },
      "overcharge_uses": {
        "mean": null,
        "sd": null,
        "ci95": [
          null,
          null
        ],
        "n": 0
      },
      "survivors": {
        "mean": 1.3,
        "sd": 0.9391758525703703,
        "ci95": [
          1.0089463878798184,
          1.5910536121201817
        ],
        "n": 40
      }
    },
    "on_depleted": {
      "n": 40,
      "win_rate": 0.725,
      "win_ci95": [
        0.5716474916687543,
        0.8389214656685691
      ],
      "timeouts": 1,
      "rounds": {
        "mean": 115.8,
        "sd": 11.036536060065595,
        "ci95": [
          112.37974204001796,
          119.22025795998204
        ],
        "n": 40
      },
      "player_attacks": {
        "mean": 70.525,
        "sd": 7.0927463850085095,
        "ci95": [
          68.32693512262986,
          72.72306487737015
        ],
        "n": 40
      },
      "overcharge_uses": {
        "mean": null,
        "sd": null,
        "ci95": [
          null,
          null
        ],
        "n": 0
      },
      "survivors": {
        "mean": 1.45,
        "sd": 0.8755950357709129,
        "ci95": [
          1.1786502871446762,
          1.7213497128553237
        ],
        "n": 40
      }
    },
    "on_abundant": {
      "n": 40,
      "win_rate": 0.575,
      "win_ci95": [
        0.4219480043605999,
        0.7149083147518411
      ],
      "timeouts": 0,
      "rounds": {
        "mean": 113.55,
        "sd": 9.201309828720179,
        "ci95": [
          110.69848454146634,
          116.40151545853365
        ],
        "n": 40
      },
      "player_attacks": {
        "mean": 68.55,
        "sd": 6.050852874828517,
        "ci95": [
          66.67482126663849,
          70.4251787333615
        ],
        "n": 40
      },
      "overcharge_uses": {
        "mean": null,
        "sd": null,
        "ci95": [
          null,
          null
        ],
        "n": 0
      },
      "survivors": {
        "mean": 1.05,
        "sd": 0.9594335935919799,
        "ci95": [
          0.7526684488957635,
          1.3473315511042365
        ],
        "n": 40
      }
    }
  },
  "deltas": {
    "off2 - off (noise floor)": {
      "pairs": 40,
      "rounds_delta": {
        "mean": 6.25,
        "sd": 17.18787587001596,
        "ci95": [
          0.923422082829136,
          11.576577917170864
        ],
        "n": 40
      },
      "attacks_delta": {
        "mean": 4.15,
        "sd": 11.104515136207274,
        "ci95": [
          0.7086751060614715,
          7.591324893938529
        ],
        "n": 40
      },
      "flips": {
        "loss_to_win": 14,
        "win_to_loss": 9
      },
      "win_rate_delta": 0.125
    },
    "on_depleted - off (prey exclusion)": {
      "pairs": 40,
      "rounds_delta": {
        "mean": 8.2,
        "sd": 17.35629642639886,
        "ci95": [
          2.821228011658783,
          13.578771988341217
        ],
        "n": 40
      },
      "attacks_delta": {
        "mean": 5.425,
        "sd": 11.05901998718345,
        "ci95": [
          1.9977741988150695,
          8.85222580118493
        ],
        "n": 40
      },
      "flips": {
        "loss_to_win": 14,
        "win_to_loss": 5
      },
      "win_rate_delta": 0.225
    },
    "on_abundant - off (apex boost)": {
      "pairs": 40,
      "rounds_delta": {
        "mean": 5.95,
        "sd": 15.577679627085113,
        "ci95": [
          1.122427068364849,
          10.777572931635152
        ],
        "n": 40
      },
      "attacks_delta": {
        "mean": 3.45,
        "sd": 9.979337627677475,
        "ci95": [
          0.3573712285583457,
          6.542628771441654
        ],
        "n": 40
      },
      "flips": {
        "loss_to_win": 10,
        "win_to_loss": 7
      },
      "win_rate_delta": 0.075
    }
  },
  "extras": {
    "er7": {
      "off": {
        "spawns_per_run": 6,
        "by_species": {
          "sand-burrower": 1.975,
          "echo-wing": 0.95,
          "rust-scavenger": 1.8,
          "dune-stalker": 0.45,
          "ferrocolonia-magnetotattica": 0.825
        },
        "by_role": {
          "prey": 3.775,
          "mesopredator": 1.775,
          "apex": 0.45,
          "other": 0
        },
        "prey_share": 0.6291666666666667,
        "meso_share": 0.29583333333333334,
        "apex_share": 0.075
      },
      "off2": {
        "spawns_per_run": 6,
        "by_species": {
          "dune-stalker": 0.675,
          "rust-scavenger": 2.05,
          "sand-burrower": 2.1,
          "ferrocolonia-magnetotattica": 0.5,
          "echo-wing": 0.675
        },
        "by_role": {
          "prey": 4.15,
          "mesopredator": 1.175,
          "apex": 0.675,
          "other": 0
        },
        "prey_share": 0.6916666666666667,
        "meso_share": 0.19583333333333333,
        "apex_share": 0.1125
      },
      "on_depleted": {
        "spawns_per_run": 6,
        "by_species": {
          "dune-stalker": 2.05,
          "echo-wing": 1.925,
          "ferrocolonia-magnetotattica": 2.025
        },
        "by_role": {
          "prey": 0,
          "mesopredator": 3.95,
          "apex": 2.05,
          "other": 0
        },
        "prey_share": 0,
        "meso_share": 0.6583333333333333,
        "apex_share": 0.3416666666666667
      },
      "on_abundant": {
        "spawns_per_run": 6,
        "by_species": {
          "echo-wing": 0.7,
          "rust-scavenger": 1.7,
          "ferrocolonia-magnetotattica": 0.7,
          "sand-burrower": 1.825,
          "dune-stalker": 1.075
        },
        "by_role": {
          "prey": 3.525,
          "mesopredator": 1.4,
          "apex": 1.075,
          "other": 0
        },
        "prey_share": 0.5875,
        "meso_share": 0.23333333333333334,
        "apex_share": 0.17916666666666667
      }
    }
  }
}