{
  "arm": "off2",
  "args": {
    "effect": "er7",
    "runs": 40,
    "seedBase": 62000,
    "out": "reports/sim/spec-i-er7-population-n40-2026-06-11",
    "commit": "ba5975d52",
    "scaling": {
      "countAdd": 6,
      "hpAdd": 4,
      "modAdd": 7,
      "dcAdd": 2
    },
    "band": [
      0.4,
      0.6
    ],
    "arms": [
      "off2"
    ]
  },
  "summary": {
    "n": 40,
    "win_rate": 0.575,
    "win_ci95": [
      0.4219480043605999,
      0.7149083147518411
    ],
    "timeouts": 0,
    "rounds": {
      "mean": 103.8,
      "sd": 11.916805629456933,
      "ci95": [
        100.10694367418516,
        107.49305632581483
      ],
      "n": 40
    },
    "player_attacks": {
      "mean": 62.35,
      "sd": 7.566965994305405,
      "ci95": [
        60.00497294313352,
        64.6950270568665
      ],
      "n": 40
    },
    "overcharge_uses": {
      "mean": null,
      "sd": null,
      "ci95": [
        null,
        null
      ],
      "n": 0
    },
    "survivors": {
      "mean": 1.075,
      "sd": 0.9710554659486338,
      "ci95": [
        0.7740667933381313,
        1.3759332066618686
      ],
      "n": 40
    }
  }
}