{
  "arm": "off",
  "args": {
    "effect": "er6",
    "runs": 40,
    "seedBase": 52000,
    "out": "reports/sim/spec-i-er6-stresswave-n40-2026-06-11-mod10x10",
    "commit": "unknown",
    "scaling": {
      "countAdd": 6,
      "hpAdd": 4,
      "modAdd": 6,
      "dcAdd": 2
    },
    "band": [
      0.4,
      0.6
    ],
    "modulation": "duo_hardcore"
  },
  "summary": {
    "n": 40,
    "win_rate": 0.775,
    "win_ci95": [
      0.6249660359590695,
      0.8768404674532148
    ],
    "timeouts": 0,
    "rounds": {
      "mean": 105.8,
      "sd": 9.618891668122524,
      "ci95": [
        102.819074588707,
        108.780925411293
      ],
      "n": 40
    },
    "player_attacks": {
      "mean": 64.3,
      "sd": 6.152756313751605,
      "ci95": [
        62.3932410637352,
        66.20675893626479
      ],
      "n": 40
    },
    "overcharge_uses": {
      "mean": null,
      "sd": null,
      "ci95": [
        null,
        null
      ],
      "n": 0
    },
    "survivors": {
      "mean": 1.525,
      "sd": 0.8469401940560458,
      "ci95": [
        1.2625305145941135,
        1.7874694854058863
      ],
      "n": 40
    }
  }
}