{
  "args": {
    "effect": "er6",
    "runs": 40,
    "seedBase": 53000,
    "out": "reports/sim/spec-i-er6-stresswave-n40-2026-06-11-atollo-iso",
    "commit": "unknown",
    "scaling": {
      "countAdd": 6,
      "hpAdd": 4,
      "modAdd": 6,
      "dcAdd": 2
    },
    "band": [
      0.4,
      0.6
    ],
    "biome": "atollo_obsidiana",
    "modulation": "duo_hardcore",
    "aggregate": true
  },
  "isolated_arms": true,
  "summaries": {
    "off": {
      "n": 40,
      "win_rate": 0.575,
      "win_ci95": [
        0.4219480043605999,
        0.7149083147518411
      ],
      "timeouts": 2,
      "rounds": {
        "mean": 102.475,
        "sd": 19.410527806929665,
        "ci95": [
          96.45961511131878,
          108.4903848886812
        ],
        "n": 40
      },
      "player_attacks": {
        "mean": 62.525,
        "sd": 13.04427863579298,
        "ci95": [
          58.48253616954798,
          66.56746383045201
        ],
        "n": 40
      },
      "overcharge_uses": {
        "mean": null,
        "sd": null,
        "ci95": [
          null,
          null
        ],
        "n": 0
      },
      "survivors": {
        "mean": 1.2,
        "sd": 0.966091783079296,
        "ci95": [
          0.9006050545962184,
          1.4993949454037816
        ],
        "n": 40
      }
    },
    "off2": {
      "n": 40,
      "win_rate": 0.9,
      "win_ci95": [
        0.7694792561952611,
        0.9604211124044252
      ],
      "timeouts": 0,
      "rounds": {
        "mean": 100.4,
        "sd": 6.927462998078271,
        "ci95": [
          98.25315697491433,
          102.54684302508568
        ],
        "n": 40
      },
      "player_attacks": {
        "mean": 60.75,
        "sd": 4.372114433015748,
        "ci95": [
          59.395067699675906,
          62.104932300324094
        ],
        "n": 40
      },
      "overcharge_uses": {
        "mean": null,
        "sd": null,
        "ci95": [
          null,
          null
        ],
        "n": 0
      },
      "survivors": {
        "mean": 1.8,
        "sd": 0.6076436202501996,
        "ci95": [
          1.6116892911252176,
          1.9883107088747825
        ],
        "n": 40
      }
    },
    "on": {
      "n": 40,
      "win_rate": 0.8,
      "win_ci95": [
        0.6524239261814334,
        0.8950013502683313
      ],
      "timeouts": 0,
      "rounds": {
        "mean": 101.825,
        "sd": 8.78485730952518,
        "ci95": [
          99.10254451426752,
          104.54745548573248
        ],
        "n": 40
      },
      "player_attacks": {
        "mean": 61.425,
        "sd": 5.569548616797577,
        "ci95": [
          59.69897900152417,
          63.15102099847582
        ],
        "n": 40
      },
      "overcharge_uses": {
        "mean": null,
        "sd": null,
        "ci95": [
          null,
          null
        ],
        "n": 0
      },
      "survivors": {
        "mean": 1.575,
        "sd": 0.8129559864454136,
        "ci95": [
          1.323062329645625,
          1.826937670354375
        ],
        "n": 40
      }
    }
  },
  "deltas": {
    "off2 - off (noise floor)": {
      "pairs": 40,
      "rounds_delta": {
        "mean": -2.075,
        "sd": 20.57056335939969,
        "ci95": [
          -8.449883630913767,
          4.299883630913768
        ],
        "n": 40
      },
      "attacks_delta": {
        "mean": -1.775,
        "sd": 13.816540626068267,
        "ci95": [
          -6.056790300737202,
          2.5067903007372023
        ],
        "n": 40
      },
      "flips": {
        "loss_to_win": 16,
        "win_to_loss": 3
      },
      "win_rate_delta": 0.325
    },
    "on - off (ER6 effect)": {
      "pairs": 40,
      "rounds_delta": {
        "mean": -0.65,
        "sd": 20.282049661253133,
        "ci95": [
          -6.93547230952823,
          5.635472309528229
        ],
        "n": 40
      },
      "attacks_delta": {
        "mean": -1.1,
        "sd": 13.660348758546695,
        "ci95": [
          -5.333385939507584,
          3.133385939507584
        ],
        "n": 40
      },
      "flips": {
        "loss_to_win": 13,
        "win_to_loss": 4
      },
      "win_rate_delta": 0.225
    }
  },
  "extras": {
    "er6": {
      "off": {
        "rescue_rate": 0,
        "rescue_turn": {
          "mean": null,
          "sd": null,
          "ci95": [
            null,
            null
          ],
          "n": 0
        },
        "overrun_rate": 0,
        "overrun_turn": {
          "mean": null,
          "sd": null,
          "ci95": [
            null,
            null
          ],
          "n": 0
        },
        "spawns": {
          "mean": 4,
          "sd": 0,
          "ci95": [
            4,
            4
          ],
          "n": 40
        },
        "last_spawn_turn": {
          "mean": 11,
          "sd": 0,
          "ci95": [
            11,
            11
          ],
          "n": 40
        }
      },
      "off2": {
        "rescue_rate": 0,
        "rescue_turn": {
          "mean": null,
          "sd": null,
          "ci95": [
            null,
            null
          ],
          "n": 0
        },
        "overrun_rate": 0,
        "overrun_turn": {
          "mean": null,
          "sd": null,
          "ci95": [
            null,
            null
          ],
          "n": 0
        },
        "spawns": {
          "mean": 4,
          "sd": 0,
          "ci95": [
            4,
            4
          ],
          "n": 40
        },
        "last_spawn_turn": {
          "mean": 11,
          "sd": 0,
          "ci95": [
            11,
            11
          ],
          "n": 40
        }
      },
      "on": {
        "rescue_rate": 0,
        "rescue_turn": {
          "mean": null,
          "sd": null,
          "ci95": [
            null,
            null
          ],
          "n": 0
        },
        "overrun_rate": 1,
        "overrun_turn": {
          "mean": 9,
          "sd": 0,
          "ci95": [
            9,
            9
          ],
          "n": 40
        },
        "spawns": {
          "mean": 4,
          "sd": 0,
          "ci95": [
            4,
            4
          ],
          "n": 40
        },
        "last_spawn_turn": {
          "mean": 11,
          "sd": 0,
          "ci95": [
            11,
            11
          ],
          "n": 40
        }
      }
    }
  }
}