{
  "arm": "seeded",
  "args": {
    "runs": 40,
    "seedBase": 41000,
    "scenario": "enc_hardcore_reinf_01",
    "out": "reports/sim/overcharge-n40-2026-06-10",
    "commit": "6f54d08953a8b7aa369359bbd466d006d5027e96",
    "scaling": {
      "countAdd": 6,
      "hpAdd": 4,
      "modAdd": 6,
      "dcAdd": 2
    }
  },
  "summary": {
    "n": 40,
    "win_rate": 0.725,
    "win_ci95": [
      0.5716474916687543,
      0.8389214656685691
    ],
    "timeouts": 0,
    "rounds": {
      "mean": 80.475,
      "sd": 9.8994625598746,
      "ci95": [
        77.40712476852505,
        83.54287523147494
      ],
      "n": 40
    },
    "player_attacks": {
      "mean": 49.625,
      "sd": 6.002937315202984,
      "ci95": [
        47.76467045240876,
        51.48532954759124
      ],
      "n": 40
    },
    "overcharge_uses": {
      "mean": 10.7,
      "sd": 1.4884168150705015,
      "ci95": [
        10.23873485015499,
        11.161265149845008
      ],
      "n": 40
    },
    "survivors": {
      "mean": 1.45,
      "sd": 0.9044051735526049,
      "ci95": [
        1.1697219329455213,
        1.7302780670544786
      ],
      "n": 40
    }
  }
}