{
  "arm": "on_abundant",
  "args": {
    "effect": "er7",
    "runs": 40,
    "seedBase": 73000,
    "out": "reports/sim/spec-i-er7-pilot-canonical-n40-2026-06-11-leg2",
    "commit": "c85710fb0",
    "scaling": {
      "countAdd": 6,
      "hpAdd": 4,
      "modAdd": 7,
      "dcAdd": 2
    },
    "band": [
      0.4,
      0.6
    ],
    "arms": [
      "on_abundant"
    ],
    "scenario": "enc_badlands_foodweb_pilot_01"
  },
  "summary": {
    "n": 40,
    "win_rate": 0.6,
    "win_ci95": [
      0.44595619827393507,
      0.7365188938759865
    ],
    "timeouts": 0,
    "rounds": {
      "mean": 103.275,
      "sd": 12.649085301884837,
      "ci95": [
        99.35500785257197,
        107.19499214742804
      ],
      "n": 40
    },
    "player_attacks": {
      "mean": 61.925,
      "sd": 7.559634708309452,
      "ci95": [
        59.58224493220219,
        64.26775506779781
      ],
      "n": 40
    },
    "overcharge_uses": {
      "mean": null,
      "sd": null,
      "ci95": [
        null,
        null
      ],
      "n": 0
    },
    "survivors": {
      "mean": 1.15,
      "sd": 0.9753368911725072,
      "ci95": [
        0.847739965914896,
        1.452260034085104
      ],
      "n": 40
    }
  }
}