{
  "args": {
    "effect": "er1",
    "runs": 40,
    "seedBase": 51000,
    "out": "reports/sim/spec-i-er1-role-gap-n40-2026-06-10",
    "commit": "be4f3af9f",
    "scaling": {
      "countAdd": 7,
      "hpAdd": 5,
      "modAdd": 7,
      "dcAdd": 2
    },
    "band": [
      0.4,
      0.6
    ],
    "aggregate": true
  },
  "isolated_arms": true,
  "summaries": {
    "off_gap": {
      "n": 40,
      "win_rate": 0.425,
      "win_ci95": [
        0.2850916852481588,
        0.5780519956394001
      ],
      "timeouts": 0,
      "rounds": {
        "mean": 99.1,
        "sd": 18.658606318361237,
        "ci95": [
          93.31763799481783,
          104.88236200518216
        ],
        "n": 40
      },
      "player_attacks": {
        "mean": 59.8,
        "sd": 11.765224724607382,
        "ci95": [
          56.15391908327831,
          63.446080916721684
        ],
        "n": 40
      },
      "overcharge_uses": {
        "mean": null,
        "sd": null,
        "ci95": [
          null,
          null
        ],
        "n": 0
      },
      "survivors": {
        "mean": 0.85,
        "sd": 1.001281230506246,
        "ci95": [
          0.5396997318559709,
          1.160300268144029
        ],
        "n": 40
      }
    },
    "off_gap2": {
      "n": 40,
      "win_rate": 0.4,
      "win_ci95": [
        0.26348110612401365,
        0.5540438017260649
      ],
      "timeouts": 0,
      "rounds": {
        "mean": 98.725,
        "sd": 16.674850554821806,
        "ci95": [
          93.55741027517638,
          103.89258972482361
        ],
        "n": 40
      },
      "player_attacks": {
        "mean": 59.55,
        "sd": 10.342716996601755,
        "ci95": [
          56.34475879542784,
          62.75524120457215
        ],
        "n": 40
      },
      "overcharge_uses": {
        "mean": null,
        "sd": null,
        "ci95": [
          null,
          null
        ],
        "n": 0
      },
      "survivors": {
        "mean": 0.8,
        "sd": 0.9922778767136677,
        "ci95": [
          0.4924899001033275,
          1.1075100998966727
        ],
        "n": 40
      }
    },
    "on_gap": {
      "n": 40,
      "win_rate": 0.4,
      "win_ci95": [
        0.26348110612401365,
        0.5540438017260649
      ],
      "timeouts": 0,
      "rounds": {
        "mean": 102.725,
        "sd": 20.010237764319932,
        "ci95": [
          96.52376307003686,
          108.92623692996312
        ],
        "n": 40
      },
      "player_attacks": {
        "mean": 61.9,
        "sd": 12.534669868726048,
        "ci95": [
          58.015465562661106,
          65.78453443733889
        ],
        "n": 40
      },
      "overcharge_uses": {
        "mean": null,
        "sd": null,
        "ci95": [
          null,
          null
        ],
        "n": 0
      },
      "survivors": {
        "mean": 0.8,
        "sd": 0.9922778767136677,
        "ci95": [
          0.4924899001033275,
          1.1075100998966727
        ],
        "n": 40
      }
    },
    "off_full": {
      "n": 40,
      "win_rate": 0.325,
      "win_ci95": [
        0.20084316962661727,
        0.4798254191110202
      ],
      "timeouts": 0,
      "rounds": {
        "mean": 99.85,
        "sd": 18.227268948839626,
        "ci95": [
          94.20131083052595,
          105.49868916947403
        ],
        "n": 40
      },
      "player_attacks": {
        "mean": 60.2,
        "sd": 11.350364277448069,
        "ci95": [
          56.68248566784398,
          63.71751433215603
        ],
        "n": 40
      },
      "overcharge_uses": {
        "mean": null,
        "sd": null,
        "ci95": [
          null,
          null
        ],
        "n": 0
      },
      "survivors": {
        "mean": 0.65,
        "sd": 0.9486832980505138,
        "ci95": [
          0.35600000000000004,
          0.944
        ],
        "n": 40
      }
    },
    "on_full": {
      "n": 40,
      "win_rate": 0.35,
      "win_ci95": [
        0.2213433317104915,
        0.5049440300646263
      ],
      "timeouts": 0,
      "rounds": {
        "mean": 103.55,
        "sd": 19.167212924211263,
        "ci95": [
          97.61001917468346,
          109.48998082531654
        ],
        "n": 40
      },
      "player_attacks": {
        "mean": 62.525,
        "sd": 12.059654075066017,
        "ci95": [
          58.787674482247894,
          66.2623255177521
        ],
        "n": 40
      },
      "overcharge_uses": {
        "mean": null,
        "sd": null,
        "ci95": [
          null,
          null
        ],
        "n": 0
      },
      "survivors": {
        "mean": 0.7,
        "sd": 0.9660917830792959,
        "ci95": [
          0.4006050545962184,
          0.9993949454037815
        ],
        "n": 40
      }
    }
  },
  "deltas": {
    "off_gap2 - off_gap (noise floor)": {
      "pairs": 40,
      "rounds_delta": {
        "mean": -0.375,
        "sd": 25.9355092686772,
        "ci95": [
          -8.41249759341193,
          7.6624975934119295
        ],
        "n": 40
      },
      "attacks_delta": {
        "mean": -0.25,
        "sd": 16.35464334598462,
        "ci95": [
          -5.318356482716802,
          4.818356482716802
        ],
        "n": 40
      },
      "flips": {
        "loss_to_win": 11,
        "win_to_loss": 12
      },
      "win_rate_delta": -0.025
    },
    "on_gap - off_gap (ER1 effect)": {
      "pairs": 40,
      "rounds_delta": {
        "mean": 3.625,
        "sd": 21.145027299277235,
        "ci95": [
          -2.9279118503111814,
          10.177911850311181
        ],
        "n": 40
      },
      "attacks_delta": {
        "mean": 2.1,
        "sd": 13.055699217249227,
        "ci95": [
          -1.9460031053133329,
          6.1460031053133335
        ],
        "n": 40
      },
      "flips": {
        "loss_to_win": 7,
        "win_to_loss": 8
      },
      "win_rate_delta": -0.025
    },
    "on_full - off_full (no-op check)": {
      "pairs": 40,
      "rounds_delta": {
        "mean": 3.7,
        "sd": 23.680783077835223,
        "ci95": [
          -3.6387507076285086,
          11.038750707628509
        ],
        "n": 40
      },
      "attacks_delta": {
        "mean": 2.325,
        "sd": 14.762022479738595,
        "ci95": [
          -2.2497981628449164,
          6.899798162844917
        ],
        "n": 40
      },
      "flips": {
        "loss_to_win": 8,
        "win_to_loss": 7
      },
      "win_rate_delta": 0.025
    }
  },
  "extras": {
    "er1": {
      "off_gap": {
        "mean": 0,
        "sd": 0,
        "ci95": [
          0,
          0
        ],
        "n": 40
      },
      "off_gap2": {
        "mean": 0,
        "sd": 0,
        "ci95": [
          0,
          0
        ],
        "n": 40
      },
      "on_gap": {
        "mean": 1,
        "sd": 0,
        "ci95": [
          1,
          1
        ],
        "n": 40
      },
      "off_full": {
        "mean": 0,
        "sd": 0,
        "ci95": [
          0,
          0
        ],
        "n": 40
      },
      "on_full": {
        "mean": 0,
        "sd": 0,
        "ci95": [
          0,
          0
        ],
        "n": 40
      }
    }
  }
}