{
  "args": {
    "runs": 40,
    "seedBase": 41000,
    "scenario": "enc_hardcore_reinf_01",
    "out": "reports/sim/overcharge-n40-2026-06-10",
    "commit": "6f54d08953a8b7aa369359bbd466d006d5027e96",
    "scaling": {
      "countAdd": 6,
      "hpAdd": 4,
      "modAdd": 6,
      "dcAdd": 2
    }
  },
  "summaries": {
    "control": {
      "n": 40,
      "win_rate": 0.9,
      "win_ci95": [
        0.7694792561952611,
        0.9604211124044252
      ],
      "timeouts": 0,
      "rounds": {
        "mean": 83.525,
        "sd": 7.0164184742023625,
        "ci95": [
          81.35058938725444,
          85.69941061274557
        ],
        "n": 40
      },
      "player_attacks": {
        "mean": 49.525,
        "sd": 4.302578237194472,
        "ci95": [
          48.19161719002054,
          50.85838280997946
        ],
        "n": 40
      },
      "overcharge_uses": {
        "mean": 0,
        "sd": 0,
        "ci95": [
          0,
          0
        ],
        "n": 40
      },
      "survivors": {
        "mean": 1.8,
        "sd": 0.6076436202501997,
        "ci95": [
          1.6116892911252176,
          1.9883107088747825
        ],
        "n": 40
      }
    },
    "control2": {
      "n": 40,
      "win_rate": 0.9,
      "win_ci95": [
        0.7694792561952611,
        0.9604211124044252
      ],
      "timeouts": 0,
      "rounds": {
        "mean": 82.225,
        "sd": 7.767412201479481,
        "ci95": [
          79.81785401995832,
          84.63214598004167
        ],
        "n": 40
      },
      "player_attacks": {
        "mean": 48.55,
        "sd": 4.808912665628377,
        "ci95": [
          47.059702524962695,
          50.0402974750373
        ],
        "n": 40
      },
      "overcharge_uses": {
        "mean": 0,
        "sd": 0,
        "ci95": [
          0,
          0
        ],
        "n": 40
      },
      "survivors": {
        "mean": 1.8,
        "sd": 0.6076436202501996,
        "ci95": [
          1.6116892911252176,
          1.9883107088747825
        ],
        "n": 40
      }
    },
    "live": {
      "n": 40,
      "win_rate": 0.65,
      "win_ci95": [
        0.4950559699353738,
        0.7786566682895085
      ],
      "timeouts": 0,
      "rounds": {
        "mean": 80.675,
        "sd": 7.9110033724537345,
        "ci95": [
          78.22335465504574,
          83.12664534495426
        ],
        "n": 40
      },
      "player_attacks": {
        "mean": 49.425,
        "sd": 5.0428293848917995,
        "ci95": [
          47.86221098262737,
          50.98778901737263
        ],
        "n": 40
      },
      "overcharge_uses": {
        "mean": 9.6,
        "sd": 1.9715931342900055,
        "ci95": [
          8.988996957496349,
          10.21100304250365
        ],
        "n": 40
      },
      "survivors": {
        "mean": 1.3,
        "sd": 0.9660917830792959,
        "ci95": [
          1.0006050545962184,
          1.5993949454037817
        ],
        "n": 40
      }
    },
    "seeded": {
      "n": 40,
      "win_rate": 0.725,
      "win_ci95": [
        0.5716474916687543,
        0.8389214656685691
      ],
      "timeouts": 0,
      "rounds": {
        "mean": 80.475,
        "sd": 9.8994625598746,
        "ci95": [
          77.40712476852505,
          83.54287523147494
        ],
        "n": 40
      },
      "player_attacks": {
        "mean": 49.625,
        "sd": 6.002937315202984,
        "ci95": [
          47.76467045240876,
          51.48532954759124
        ],
        "n": 40
      },
      "overcharge_uses": {
        "mean": 10.7,
        "sd": 1.4884168150705015,
        "ci95": [
          10.23873485015499,
          11.161265149845008
        ],
        "n": 40
      },
      "survivors": {
        "mean": 1.45,
        "sd": 0.9044051735526049,
        "ci95": [
          1.1697219329455213,
          1.7302780670544786
        ],
        "n": 40
      }
    }
  },
  "deltas": {
    "control2 - control (noise floor)": {
      "pairs": 40,
      "rounds_delta": {
        "mean": -1.3,
        "sd": 10.228667607545031,
        "ci95": [
          -4.469896932725504,
          1.869896932725504
        ],
        "n": 40
      },
      "attacks_delta": {
        "mean": -0.975,
        "sd": 6.306234196696927,
        "ci95": [
          -2.9293222249604485,
          0.9793222249604484
        ],
        "n": 40
      },
      "flips": {
        "loss_to_win": 4,
        "win_to_loss": 4
      },
      "win_rate_delta": 0
    },
    "live - control": {
      "pairs": 40,
      "rounds_delta": {
        "mean": -2.85,
        "sd": 9.291711222153724,
        "ci95": [
          -5.729531140610149,
          0.029531140610149276
        ],
        "n": 40
      },
      "attacks_delta": {
        "mean": -0.1,
        "sd": 5.705597791103588,
        "ci95": [
          -1.868183074405867,
          1.6681830744058668
        ],
        "n": 40
      },
      "flips": {
        "loss_to_win": 2,
        "win_to_loss": 12
      },
      "win_rate_delta": -0.25
    },
    "seeded - control": {
      "pairs": 40,
      "rounds_delta": {
        "mean": -3.05,
        "sd": 12.573782247199924,
        "ci95": [
          -6.946655489005924,
          0.8466554890059244
        ],
        "n": 40
      },
      "attacks_delta": {
        "mean": 0.1,
        "sd": 7.652048493955468,
        "ci95": [
          -2.2713943966821257,
          2.471394396682126
        ],
        "n": 40
      },
      "flips": {
        "loss_to_win": 4,
        "win_to_loss": 11
      },
      "win_rate_delta": -0.175
    }
  }
}