{
  "arm": "on_gap",
  "args": {
    "effect": "er1",
    "runs": 40,
    "seedBase": 51000,
    "out": "reports/sim/spec-i-er1-role-gap-n40-2026-06-10",
    "commit": "be4f3af9f",
    "scaling": {
      "countAdd": 7,
      "hpAdd": 5,
      "modAdd": 7,
      "dcAdd": 2
    },
    "band": [
      0.4,
      0.6
    ],
    "arms": [
      "on_gap"
    ]
  },
  "summary": {
    "n": 40,
    "win_rate": 0.4,
    "win_ci95": [
      0.26348110612401365,
      0.5540438017260649
    ],
    "timeouts": 0,
    "rounds": {
      "mean": 102.725,
      "sd": 20.010237764319932,
      "ci95": [
        96.52376307003686,
        108.92623692996312
      ],
      "n": 40
    },
    "player_attacks": {
      "mean": 61.9,
      "sd": 12.534669868726048,
      "ci95": [
        58.015465562661106,
        65.78453443733889
      ],
      "n": 40
    },
    "overcharge_uses": {
      "mean": null,
      "sd": null,
      "ci95": [
        null,
        null
      ],
      "n": 0
    },
    "survivors": {
      "mean": 0.8,
      "sd": 0.9922778767136677,
      "ci95": [
        0.4924899001033275,
        1.1075100998966727
      ],
      "n": 40
    }
  }
}