{
  "arm": "mob_grave",
  "args": {
    "runs": 40,
    "seedBase": 42000,
    "scenario": "enc_hardcore_reinf_01",
    "out": "reports/sim/wound-magnitude-n40-2026-06-10",
    "commit": "adc8cd9e2903a6db20731cd748950958ccabbad7",
    "scaling": {
      "countAdd": 6,
      "hpAdd": 4,
      "modAdd": 6,
      "dcAdd": 2
    }
  },
  "summary": {
    "n": 40,
    "win_rate": 0.9,
    "win_ci95": [
      0.7694792561952611,
      0.9604211124044252
    ],
    "timeouts": 0,
    "rounds": {
      "mean": 82.875,
      "sd": 6.401872722803411,
      "ci95": [
        80.89103908873287,
        84.85896091126713
      ],
      "n": 40
    },
    "player_attacks": {
      "mean": 49.1,
      "sd": 4.155934897444241,
      "ci95": [
        47.812062431836395,
        50.38793756816361
      ],
      "n": 40
    },
    "overcharge_uses": {
      "mean": 0,
      "sd": 0,
      "ci95": [
        0,
        0
      ],
      "n": 40
    },
    "survivors": {
      "mean": 1.8,
      "sd": 0.6076436202501996,
      "ci95": [
        1.6116892911252176,
        1.9883107088747825
      ],
      "n": 40
    }
  }
}