{
  "scenario": "hardcore_06",
  "iterations": 50,
  "mode": "STUB",
  "knob_space": {
    "boss_hp_multiplier": ["float", 0.5, 1.0],
    "turn_limit_defeat_override": ["int", 25, 35]
  },
  "wr_buckets": [
    [0, 0.1],
    [0.1, 0.2],
    [0.2, 0.3],
    [0.3, 0.4],
    [0.4, 1.0]
  ],
  "defeat_buckets": [
    [0, 0.3],
    [0.3, 0.5],
    [0.5, 0.7],
    [0.7, 0.9],
    [0.9, 1.0]
  ],
  "feature_map": {
    "0,3": {
      "knob_values": {
        "boss_hp_multiplier": 0.945,
        "turn_limit_defeat_override": 28
      },
      "features": [0.07497548849228139, 0.8182494649255816],
      "fitness": 0.03093247477163945,
      "iter_first": 0,
      "iter_last": 45,
      "origin": "random"
    },
    "4,1": {
      "knob_values": {
        "boss_hp_multiplier": 0.541,
        "turn_limit_defeat_override": 33
      },
      "features": [0.5016048935222768, 0.37286509425193826],
      "fitness": 0.20024215686079522,
      "iter_first": 1,
      "iter_last": 27,
      "origin": "mutate"
    },
    "3,2": {
      "knob_values": {
        "boss_hp_multiplier": 0.5,
        "turn_limit_defeat_override": 32
      },
      "features": [0.34990816454857204, 0.5876807832810353],
      "fitness": 0.012319559014792562,
      "iter_first": 2,
      "iter_last": 8,
      "origin": "mutate"
    },
    "4,2": {
      "knob_values": {
        "boss_hp_multiplier": 0.59,
        "turn_limit_defeat_override": 34
      },
      "features": [0.41427940867774204, 0.5248369317574401],
      "fitness": 0.29544160697704114,
      "iter_first": 5,
      "iter_last": 5,
      "origin": "mutate"
    },
    "1,3": {
      "knob_values": {
        "boss_hp_multiplier": 0.858,
        "turn_limit_defeat_override": 28
      },
      "features": [0.1284059280604355, 0.7979499304043267],
      "fitness": 0.0216911670566199,
      "iter_first": 10,
      "iter_last": 47,
      "origin": "random"
    },
    "2,2": {
      "knob_values": {
        "boss_hp_multiplier": 0.632,
        "turn_limit_defeat_override": 28
      },
      "features": [0.24204126386600353, 0.5957678748859097],
      "fitness": 0.009014009309507905,
      "iter_first": 13,
      "iter_last": 15,
      "origin": "random"
    },
    "0,4": {
      "knob_values": {
        "boss_hp_multiplier": 0.773,
        "turn_limit_defeat_override": 25
      },
      "features": [0.07977527841021301, 0.9129059487154522],
      "fitness": 0.0475661207700014,
      "iter_first": 24,
      "iter_last": 24,
      "origin": "mutate"
    },
    "2,3": {
      "knob_values": {
        "boss_hp_multiplier": 0.904,
        "turn_limit_defeat_override": 33
      },
      "features": [0.23170044022595815, 0.7276409096741402],
      "fitness": 0.07463720145282562,
      "iter_first": 37,
      "iter_last": 37,
      "origin": "random"
    }
  },
  "stats": {
    "cells_populated": 8,
    "cells_replaced": 10,
    "cells_skipped": 0,
    "cells_active": 8,
    "max_cells": 25,
    "coverage_pct": 32.0
  },
  "history": [
    {
      "iter": 0,
      "knobs": {
        "boss_hp_multiplier": 0.82,
        "turn_limit_defeat_override": 25
      },
      "features": [0.08801132723714751, 0.7745651950968175],
      "cell": [0, 3],
      "fitness": 0.04573609404827295,
      "origin": "random"
    },
    {
      "iter": 1,
      "knobs": {
        "boss_hp_multiplier": 0.551,
        "turn_limit_defeat_override": 33
      },
      "features": [0.4292294979830701, 0.4979643029128139],
      "cell": [4, 1],
      "fitness": 0.2879473379069405,
      "origin": "random"
    },
    {
      "iter": 2,
      "knobs": {
        "boss_hp_multiplier": 0.609,
        "turn_limit_defeat_override": 33
      },
      "features": [0.3040599541199098, 0.5575604557523512],
      "cell": [3, 2],
      "fitness": 0.06254280719165813,
      "origin": "random"
    },
    {
      "iter": 3,
      "knobs": {
        "boss_hp_multiplier": 0.575,
        "turn_limit_defeat_override": 33
      },
      "features": [0.3626678599567526, 0.5394149832384166],
      "cell": [3, 2],
      "fitness": 0.06189522543690451,
      "origin": "mutate"
    },
    {
      "iter": 4,
      "knobs": {
        "boss_hp_multiplier": 0.57,
        "turn_limit_defeat_override": 34
      },
      "features": [0.379386134142772, 0.5451319924869042],
      "cell": [3, 2],
      "fitness": 0.06224181173708009,
      "origin": "mutate"
    },
    {
      "iter": 5,
      "knobs": {
        "boss_hp_multiplier": 0.59,
        "turn_limit_defeat_override": 34
      },
      "features": [0.41427940867774204, 0.5248369317574401],
      "cell": [4, 2],
      "fitness": 0.29544160697704114,
      "origin": "mutate"
    },
    {
      "iter": 6,
      "knobs": {
        "boss_hp_multiplier": 0.534,
        "turn_limit_defeat_override": 33
      },
      "features": [0.4410744536265144, 0.45072674629316645],
      "cell": [4, 1],
      "fitness": 0.2638477617003777,
      "origin": "mutate"
    },
    {
      "iter": 7,
      "knobs": {
        "boss_hp_multiplier": 0.506,
        "turn_limit_defeat_override": 31
      },
      "features": [0.33052767791704135, 0.5239089902619506],
      "cell": [3, 2],
      "fitness": 0.07854306519520615,
      "origin": "mutate"
    },
    {
      "iter": 8,
      "knobs": {
        "boss_hp_multiplier": 0.5,
        "turn_limit_defeat_override": 32
      },
      "features": [0.34990816454857204, 0.5876807832810353],
      "cell": [3, 2],
      "fitness": 0.012319559014792562,
      "origin": "mutate"
    },
    {
      "iter": 9,
      "knobs": {
        "boss_hp_multiplier": 0.511,
        "turn_limit_defeat_override": 33
      },
      "features": [0.42946632002383905, 0.44792192835725736],
      "cell": [4, 1],
      "fitness": 0.2747453060907901,
      "origin": "mutate"
    },
    {
      "iter": 10,
      "knobs": {
        "boss_hp_multiplier": 0.817,
        "turn_limit_defeat_override": 33
      },
      "features": [0.17910095344218557, 0.7169931521026637],
      "cell": [1, 3],
      "fitness": 0.0879602312928734,
      "origin": "random"
    },
    {
      "iter": 11,
      "knobs": {
        "boss_hp_multiplier": 0.995,
        "turn_limit_defeat_override": 35
      },
      "features": [0.17288910686006004, 0.7137715048480388],
      "cell": [1, 3],
      "fitness": 0.08921471060886237,
      "origin": "random"
    },
    {
      "iter": 12,
      "knobs": {
        "boss_hp_multiplier": 0.884,
        "turn_limit_defeat_override": 25
      },
      "features": [0.02541317304042698, 0.8762633929989361],
      "cell": [0, 3],
      "fitness": 0.08012875371332161,
      "origin": "random"
    },
    {
      "iter": 13,
      "knobs": {
        "boss_hp_multiplier": 0.634,
        "turn_limit_defeat_override": 28
      },
      "features": [0.2556618679671031, 0.6996457424520746],
      "cell": [2, 2],
      "fitness": 0.09980646641226253,
      "origin": "random"
    },
    {
      "iter": 14,
      "knobs": {
        "boss_hp_multiplier": 0.5,
        "turn_limit_defeat_override": 35
      },
      "features": [0.3621020287319257, 0.6055213767038216],
      "cell": [3, 2],
      "fitness": 0.013302056237058222,
      "origin": "mutate"
    },
    {
      "iter": 15,
      "knobs": {
        "boss_hp_multiplier": 0.632,
        "turn_limit_defeat_override": 28
      },
      "features": [0.24204126386600353, 0.5957678748859097],
      "cell": [2, 2],
      "fitness": 0.009014009309507905,
      "origin": "random"
    },
    {
      "iter": 16,
      "knobs": {
        "boss_hp_multiplier": 0.63,
        "turn_limit_defeat_override": 34
      },
      "features": [0.33476738190390043, 0.5925129138016936],
      "cell": [3, 2],
      "fitness": 0.016973188085992852,
      "origin": "mutate"
    },
    {
      "iter": 17,
      "knobs": {
        "boss_hp_multiplier": 0.878,
        "turn_limit_defeat_override": 26
      },
      "features": [0.08054157607537142, 0.8363829719792972],
      "cell": [0, 3],
      "fitness": 0.047502721176939156,