{
  "args": {
    "runs": 40,
    "seedBase": 42000,
    "scenario": "enc_hardcore_reinf_01",
    "out": "reports/sim/wound-magnitude-n40-2026-06-10",
    "commit": "adc8cd9e2903a6db20731cd748950958ccabbad7",
    "scaling": {
      "countAdd": 6,
      "hpAdd": 4,
      "modAdd": 6,
      "dcAdd": 2
    }
  },
  "summaries": {
    "control": {
      "n": 40,
      "win_rate": 0.875,
      "win_ci95": [
        0.7388757932976185,
        0.9454058022645871
      ],
      "timeouts": 0,
      "rounds": {
        "mean": 85.3,
        "sd": 10.059311288042714,
        "ci95": [
          82.18258713444,
          88.41741286556
        ],
        "n": 40
      },
      "player_attacks": {
        "mean": 50.525,
        "sd": 6.143529011728415,
        "ci95": [
          48.62110063425826,
          52.428899365741735
        ],
        "n": 40
      },
      "overcharge_uses": {
        "mean": 0,
        "sd": 0,
        "ci95": [
          0,
          0
        ],
        "n": 40
      },
      "survivors": {
        "mean": 1.75,
        "sd": 0.6698641270570836,
        "ci95": [
          1.5424069562946008,
          1.9575930437053992
        ],
        "n": 40
      }
    },
    "control2": {
      "n": 40,
      "win_rate": 1,
      "win_ci95": [
        0.9123754607496077,
        1
      ],
      "timeouts": 0,
      "rounds": {
        "mean": 82.4,
        "sd": 3.342039911376101,
        "ci95": [
          81.3642911011887,
          83.43570889881131
        ],
        "n": 40
      },
      "player_attacks": {
        "mean": 48.775,
        "sd": 2.2128702790256076,
        "ci95": [
          48.0892243956751,
          49.460775604324894
        ],
        "n": 40
      },
      "overcharge_uses": {
        "mean": 0,
        "sd": 0,
        "ci95": [
          0,
          0
        ],
        "n": 40
      },
      "survivors": {
        "mean": 2,
        "sd": 0,
        "ci95": [
          2,
          2
        ],
        "n": 40
      }
    },
    "atk_lieve": {
      "n": 40,
      "win_rate": 0.975,
      "win_ci95": [
        0.8711834051199223,
        0.9955732825922052
      ],
      "timeouts": 0,
      "rounds": {
        "mean": 81.8,
        "sd": 5.214378543004295,
        "ci95": [
          80.18404734773603,
          83.41595265226397
        ],
        "n": 40
      },
      "player_attacks": {
        "mean": 48.35,
        "sd": 3.1259870236126814,
        "ci95": [
          47.38124658478683,
          49.31875341521317
        ],
        "n": 40
      },
      "overcharge_uses": {
        "mean": 0,
        "sd": 0,
        "ci95": [
          0,
          0
        ],
        "n": 40
      },
      "survivors": {
        "mean": 1.95,
        "sd": 0.3162277660168379,
        "ci95": [
          1.8519999999999999,
          2.048
        ],
        "n": 40
      }
    },
    "atk_grave": {
      "n": 40,
      "win_rate": 0.95,
      "win_ci95": [
        0.834958291820748,
        0.9861796228538989
      ],
      "timeouts": 0,
      "rounds": {
        "mean": 81.775,
        "sd": 3.872900589268846,
        "ci95": [
          80.57477567267722,
          82.97522432732279
        ],
        "n": 40
      },
      "player_attacks": {
        "mean": 48.4,
        "sd": 2.5998027538592923,
        "ci95": [
          47.5943127794014,
          49.2056872205986
        ],
        "n": 40
      },
      "overcharge_uses": {
        "mean": 0,
        "sd": 0,
        "ci95": [
          0,
          0
        ],
        "n": 40
      },
      "survivors": {
        "mean": 1.9,
        "sd": 0.4414428557263045,
        "ci95": [
          1.7631954416713858,
          2.036804558328614
        ],
        "n": 40
      }
    },
    "def_grave": {
      "n": 40,
      "win_rate": 0.95,
      "win_ci95": [
        0.834958291820748,
        0.9861796228538989
      ],
      "timeouts": 0,
      "rounds": {
        "mean": 83,
        "sd": 5.8265528358299425,
        "ci95": [
          81.1943325688835,
          84.8056674311165
        ],
        "n": 40
      },
      "player_attacks": {
        "mean": 49.2,
        "sd": 3.5820063136138147,
        "ci95": [
          48.08992474267594,
          50.310075257324065
        ],
        "n": 40
      },
      "overcharge_uses": {
        "mean": 0,
        "sd": 0,
        "ci95": [
          0,
          0
        ],
        "n": 40
      },
      "survivors": {
        "mean": 1.9,
        "sd": 0.44144285572630454,
        "ci95": [
          1.7631954416713858,
          2.036804558328614
        ],
        "n": 40
      }
    },
    "acc_lieve": {
      "n": 40,
      "win_rate": 0.975,
      "win_ci95": [
        0.8711834051199223,
        0.9955732825922052
      ],
      "timeouts": 0,
      "rounds": {
        "mean": 81,
        "sd": 4.512092015792049,
        "ci95": [
          79.601688197348,
          82.398311802652
        ],
        "n": 40
      },
      "player_attacks": {
        "mean": 47.9,
        "sd": 3.070120685842989,
        "ci95": [
          46.94855974223151,
          48.85144025776849
        ],
        "n": 40
      },
      "overcharge_uses": {
        "mean": 0,
        "sd": 0,
        "ci95": [
          0,
          0
        ],
        "n": 40
      },
      "survivors": {
        "mean": 1.95,
        "sd": 0.3162277660168379,
        "ci95": [
          1.8519999999999999,
          2.048
        ],
        "n": 40
      }
    },
    "ap_grave": {
      "n": 40,
      "win_rate": 0.925,
      "win_ci95": [
        0.8013546984090248,
        0.9741644432281419
      ],
      "timeouts": 0,
      "rounds": {
        "mean": 78.8,
        "sd": 4.007684925432446,
        "ci95": [
          77.55800557414851,
          80.04199442585148
        ],
        "n": 40
      },
      "player_attacks": {
        "mean": 46.2,
        "sd": 2.6331223544175324,
        "ci95": [
          45.38398692820928,
          47.016013071790724
        ],
        "n": 40
      },
      "overcharge_uses": {
        "mean": 0,
        "sd": 0,
        "ci95": [
          0,
          0
        ],
        "n": 40
      },
      "survivors": {
        "mean": 1.85,
        "sd": 0.533493565673837,
        "ci95": [
          1.6846686311117534,
          2.015331368888247
        ],
        "n": 40
      }
    },
    "mob_grave": {
      "n": 40,
      "win_rate": 0.9,
      "win_ci95": [
        0.7694792561952611,
        0.9604211124044252
      ],
      "timeouts": 0,
      "rounds": {
        "mean": 82.875,
        "sd": 6.401872722803411,
        "ci95": [
          80.89103908873287,
          84.85896091126713
        ],
        "n": 40
      },
      "player_attacks": {
        "mean": 49.1,
        "sd": 4.155934897444241,
        "ci95": [
          47.812062431836395,
          50.38793756816361
        ],
        "n": 40
      },
      "overcharge_uses": {
        "mean": 0,
        "sd": 0,
        "ci95": [
          0,
          0
        ],
        "n": 40
      },
      "survivors": {
        "mean": 1.8,
        "sd": 0.6076436202501996,
        "ci95": [
          1.6116892911252176,
          1.9883107088747825
        ],
        "n": 40
      }
    }
  },
  "deltas": {
    "control2 (noise floor)": {
      "pairs": 40,
      "rounds_delta": {
        "mean": -2.9,
        "sd": 10.04298453954493,
        "ci95": [
          -6.012353153780296,
          0.21235315378029584
        ],
        "n": 40
      },
      "attacks_delta": {
        "mean": -1.75,
        "sd": 6.109051712050964,
        "ci95": [
          -3.643214739875551,
          0.143214739875551
        ],
        "n": 40
      },
      "flips": {
        "loss_to_win": 5,
        "win_to_loss": 0
      },
      "win_rate_delta": 0.125
    },
    "atk_lieve": {
      "pairs": 40,
      "rounds_delta": {
        "mean": -3.5,
        "sd": 11.38149645426565,